MrotInHour,Salary,Class
4,13270,1
3,24786,1
9,3651,0
10,10622,0
3,15634,1
6,22725,1
5,16817,1
2,7933,1
2,4422,0
10,5985,0
13,2982,0
6,20613,1
5,1459,0
6,20233,1
3,10941,1
6,9275,0
9,19397,0
13,7623,0
9,18172,0
11,12944,0
4,24836,1
3,14767,1
4,4024,0
9,6557,0
11,10500,0
10,17850,0
11,7037,0
7,4103,0
14,23707,0
14,20491,0
10,10696,0
6,3673,0
12,24551,0
9,14917,0
6,24980,1
4,18234,1
14,22619,0
10,23206,0
6,8596,0
5,11225,0
8,5814,0
8,11493,0
3,12361,1
13,12608,0
5,8384,0
10,23497,0
7,10031,0
7,21592,0
12,15214,0
8,4365,0
2,18649,1
14,12311,0
5,6027,0
12,12674,0
14,15703,0
8,23004,0
2,8964,1
6,17868,0
11,18091,0
3,6992,0
5,22403,1
12,7950,0
3,20451,1
2,21083,1
4,3823,0
6,23603,1
5,14823,0
10,24596,0
12,4316,0
9,22004,0
7,13054,0
7,9973,0
13,1982,0
2,22199,1
12,14756,0
14,1919,0
11,11795,0
3,7564,0
10,18200,0
3,6173,0
4,16372,1
5,11132,0
12,751,0
14,3481,0
4,6691,0
7,23846,1
4,10280,0
12,10782,0
12,7539,0
9,17820,0
4,15459,1
4,24211,1
4,21718,1
2,20288,1
11,19631,0
6,24991,1
13,16060,0
5,10000,0
7,1521,0
12,24631,0
5,15007,0
9,11382,0
7,13029,0
8,17357,0
4,24404,1
4,17737,1
6,24444,1
14,24408,0
12,5408,0
4,17903,1
5,22587,1
2,13109,1
12,13186,0
14,3417,0
7,16645,0
2,14602,1
11,9609,0
10,14037,0
6,9942,0
2,15301,1
14,15652,0
8,11061,0
7,2224,0
13,8470,0
4,12822,1
4,9725,0
8,2541,0
5,6906,0
4,3064,0
4,7502,0
13,7398,0
5,647,0
11,6692,0
12,11497,0
13,8308,0
14,23723,0
4,19241,1
9,19404,0
6,9866,0
4,17830,1
13,17160,0
6,19281,1
11,11173,0
8,24126,0
8,5245,0
7,6909,0
14,19154,0
10,22304,0
4,20072,1
2,20521,1
6,19692,1
2,19804,1
8,22175,0
11,13933,0
10,11742,0
10,22481,0
14,2094,0
11,24205,0
10,22198,0
12,21088,0
7,8912,0
11,24733,0
7,15194,0
7,20212,0
14,9849,0
13,13688,0
4,9366,0
14,10438,0
9,11849,0
12,6830,0
12,24213,0
5,23569,1
8,18900,0
2,11909,1
7,7216,0
14,17248,0
6,9290,0
12,22390,0
14,9363,0
7,4668,0
8,15886,0
14,5648,0
3,10004,1
11,1231,0
6,21772,1
4,6280,0
9,13225,0
9,22607,0
3,515,0
14,9920,0
3,12693,1
9,12006,0
11,10293,0
4,1307,0
7,12596,0
8,8815,0
12,21044,0
3,3365,0
7,15900,0
8,20625,0
5,5818,0
6,23127,1
8,459,0
3,9300,0
5,324,0
14,24896,0
12,15119,0
11,19614,0
12,8624,0
4,13787,1
10,3120,0
11,22513,0
9,8897,0
3,1671,0
8,21676,0
13,11956,0
3,14048,1
7,10810,0
14,16865,0
13,24838,0
2,4816,0
8,5601,0
10,12153,0
10,17354,0
6,15634,0
4,2519,0
2,22611,1
11,9858,0
10,653,0
9,13888,0
5,4313,0
2,5136,0
11,7620,0
7,5403,0
6,6742,0
12,5042,0
4,20295,1
3,13914,1
11,10175,0
12,17747,0
13,22730,0
3,20361,1
13,14349,0
4,18327,1
6,10986,0
7,20949,0
5,11977,0
8,13185,0
2,4749,0
9,18707,0
3,10828,1
6,10768,0
10,24624,0
3,1952,0
11,18535,0
5,24724,1
12,5867,0
2,22753,1
5,14901,0
4,7886,0
8,16899,0
4,12783,0
11,11955,0
8,15285,0
7,21967,0
7,5521,0
11,20776,0
3,16077,1
7,5290,0
2,19632,1
7,9855,0
7,7944,0
5,5351,0
12,18388,0
9,11628,0
6,14549,0
11,6669,0
9,21218,0
4,11026,0
14,15085,0
8,11562,0
6,6489,0
3,23345,1
7,4831,0
8,19216,0
4,23025,1
10,5639,0
3,21642,1
8,13148,0
8,1371,0
4,10379,0
12,24514,0
2,11046,1
4,7036,0
2,14508,1
13,19865,0
14,24440,0
11,24089,0
7,9992,0
2,15550,1
2,19246,1
14,3370,0
6,3488,0
3,3157,0
9,10437,0
6,16102,0
12,21031,0
3,12839,1
8,10019,0
2,6622,1
3,17869,1
4,22006,1
5,4782,0
8,1490,0
6,18840,0
8,13968,0
9,12464,0
4,3044,0
3,14681,1
8,9158,0
2,2410,0
9,12119,0
8,19049,0
11,20587,0
4,7644,0
2,14251,1
7,24708,1
2,13662,1
14,16996,0
10,6750,0
2,8101,1
3,12426,1
14,16204,0
14,7839,0
10,19703,0
14,24431,0
6,20838,1
13,5613,0
6,20320,1
3,24434,1
3,9845,1
5,3976,0
10,6055,0
2,7461,1
5,21762,1
3,23033,1
3,4611,0
5,11725,0
9,22196,0
14,9571,0
7,23501,1
9,6657,0
8,11174,0
2,6806,1
12,490,0
14,15022,0
13,23222,0
12,9454,0
6,16864,0
10,13393,0
9,10593,0
9,9692,0
10,24423,0
10,535,0
11,8779,0
13,17604,0
11,18001,0
13,8314,0
10,4459,0
9,18412,0
8,4717,0
7,10416,0
2,21499,1
11,18144,0
13,24861,0
13,9103,0
8,2909,0
9,2533,0
3,664,0
10,5882,0
3,20977,1
5,1514,0
7,24445,1
3,7852,0
6,23751,1
3,8944,0
11,5606,0
2,15487,1
7,6147,0
10,5231,0
11,13963,0
2,2622,0
12,19522,0
4,1577,0
5,6665,0
3,19832,1
3,22144,1
6,22110,1
7,9200,0
2,20803,1
9,2688,0
10,20314,0
7,4618,0
7,21580,0
3,22883,1
5,21418,1
6,5043,0
5,9018,0
12,12684,0
14,14980,0
8,1215,0
10,4255,0
8,14117,0
2,5183,0
11,11990,0
10,24739,0
13,5494,0
7,9703,0
8,22773,0
14,1837,0
9,6556,0
6,1179,0
5,7242,0
10,14078,0
6,1431,0
7,17809,0
11,19680,0
10,12279,0
11,12458,0
9,3992,0
11,20788,0
9,10274,0
9,23077,0
2,1565,0
10,24133,0
5,21283,1
2,1457,0
13,12070,0
11,24362,0
13,6257,0
12,19530,0
4,10768,0
14,4753,0
13,6628,0
2,18549,1
7,19014,0
3,14428,1
9,12118,0
7,7581,0
2,19163,1
10,19636,0
14,16980,0
3,21872,1
8,22783,0
9,5557,0
10,23382,0
9,14327,0
9,14703,0
14,11724,0
12,17771,0
13,16472,0
4,21879,1
3,6464,0
11,11744,0
11,4590,0
5,22094,1
2,3305,0
6,5695,0
8,5033,0
8,24837,0
10,7403,0
3,16667,1
12,8066,0
4,5383,0
3,3486,0
13,8563,0
6,1332,0
3,5299,0
6,23659,1
7,21026,0
7,22634,1
4,8197,0
11,5201,0
8,24839,0
14,1783,0
4,1505,0
3,5828,0
9,2288,0
9,21684,0
9,14883,0
13,20594,0
14,2044,0
2,18257,1
8,17347,0
4,6455,0
3,4012,0
5,9378,0
10,7900,0
3,23410,1
6,10387,0
2,12247,1
14,13305,0
8,24257,0
6,10587,0
4,10349,0
7,22394,0
14,13740,0
6,23289,1
12,6258,0
9,9631,0
6,13510,0
2,18695,1
4,3725,0
12,23781,0
2,15232,1
2,13570,1
5,21084,1
4,2133,0
9,2585,0
9,7396,0
10,14215,0
9,2701,0
8,11979,0
4,24044,1
14,15493,0
11,20576,0
10,1488,0
6,21436,1
4,14024,1
12,12130,0
9,10211,0
3,3933,0
9,21053,0
14,6132,0
9,17562,0
2,8683,1
9,18561,0
14,16350,0
9,2301,0
5,16152,1
4,21680,1
14,13525,0
9,7537,0
10,11217,0
8,903,0
7,4993,0
8,7237,0
9,15543,0
2,24191,1
13,1896,0
6,12176,0
14,21587,0
5,23084,1
12,736,0
5,21945,1
14,4096,0
6,18359,0
7,4842,0
4,12456,0
4,1984,0
13,8620,0
12,2201,0
7,20750,0
11,1133,0
7,18692,0
5,12627,0
14,22484,0
10,12755,0
13,1248,0
2,10504,1
12,24413,0
14,21300,0
11,18574,0
12,21542,0
6,21878,1
10,21605,0
12,714,0
8,22893,0
3,22125,1
11,10540,0
3,24763,1
6,23365,1
14,13385,0
12,24037,0
7,12935,0
9,1555,0
10,23909,0
5,13854,0
10,14245,0
13,18784,0
3,3746,0
9,731,0
8,17218,0
13,4304,0
11,20096,0
3,11141,1
12,24809,0
6,10446,0
6,716,0
10,1628,0
6,3245,0
12,13034,0
6,8022,0
6,2384,0
9,1177,0
7,18564,0
10,24561,0
7,15212,0
6,6526,0
6,10435,0
11,6685,0
5,18908,1
4,5409,0
3,17632,1
11,10799,0
13,24174,0
12,2945,0
14,6796,0
14,1899,0
12,2175,0
5,23973,1
3,17812,1
7,22721,1
13,16838,0
3,21230,1
9,24389,0
11,8962,0
7,2142,0
2,22305,1
5,20467,1
3,17358,1
13,10927,0
8,20422,0
13,13083,0
3,3812,0
13,9208,0
13,19443,0
12,12989,0
6,19498,1
5,11174,0
8,21946,0
13,15677,0
11,6615,0
5,15355,0
13,17489,0
8,19378,0
2,15538,1
4,9304,0
12,13590,0
8,20366,0
11,8347,0
5,6334,0
12,5632,0
5,11894,0
9,1576,0
14,22805,0
6,5339,0
3,13273,1
12,16960,0
10,7288,0
10,15461,0
3,1526,0
8,3859,0
4,18709,1
8,17236,0
4,5790,0
7,18232,0
3,22895,1
6,16422,0
4,16558,1
14,7536,0
4,18925,1
9,13909,0
5,18276,1
2,11539,1
7,23763,1
5,21850,1
8,18320,0
8,15998,0
8,12085,0
2,22878,1
14,14819,0
9,2432,0
10,21515,0
6,20374,1
8,13279,0
3,15438,1
7,13097,0
14,14479,0
7,3379,0
5,9723,0
13,597,0
2,9364,1
11,11617,0
2,20008,1
3,6570,0
5,14825,0
13,22439,0
8,6270,0
13,9518,0
3,9167,0
12,3538,0
6,5563,0
9,12987,0
13,22337,0
6,24087,1
5,13102,0
9,19647,0
5,24586,1
5,607,0
6,18569,0
2,16523,1
11,1462,0
9,9257,0
4,4457,0
6,19687,1
11,8522,0
12,24031,0
3,18449,1
4,15873,1
14,22805,0
3,24662,1
6,5528,0
14,21804,0
5,3891,0
13,4307,0
5,9855,0
6,20012,1
10,3293,0
4,11476,0
3,22262,1
3,23598,1
10,10258,0
7,16546,0
9,19887,0
5,21752,1
6,22419,1
11,24537,0
14,6037,0
5,22747,1
2,13321,1
13,23117,0
3,22957,1
8,9290,0
6,8252,0
13,18621,0
13,21062,0
10,350,0
9,11339,0
6,1206,0
10,13619,0
13,18827,0
5,9381,0
11,14351,0
10,12643,0
11,2509,0
6,8401,0
3,16381,1
8,17001,0
10,16967,0
13,7654,0
13,21445,0
12,23583,0
6,15038,0
10,10557,0
8,21375,0
8,17560,0
7,21385,0
9,19125,0
13,21971,0
13,21822,0
5,17784,1
9,21834,0
7,12553,0
9,13350,0
12,14193,0
14,7124,0
7,17623,0
4,19495,1
9,24153,0
7,6397,0
8,21691,0
12,9697,0
5,7577,0
11,17699,0
5,20547,1
11,16275,0
3,13398,1
2,7526,1
4,12799,0
14,12436,0
8,8337,0
6,10168,0
6,17689,0
10,3794,0
5,11874,0
3,8490,0
3,4736,0
2,12705,1
14,14620,0
8,23945,0
11,22876,0
9,14277,0
5,18798,1
9,13377,0
8,13805,0
2,6656,1
4,1618,0
8,3196,0
11,6703,0
12,16122,0
9,12513,0
3,4242,0
12,19131,0
9,15349,0
8,11781,0
10,6792,0
8,23500,0
3,7971,0
7,7028,0
4,4429,0
2,6161,0
14,19302,0
12,6551,0
11,24094,0
2,24416,1
10,19268,0
8,6483,0
4,4338,0
4,2676,0
13,5896,0
8,17331,0
3,15503,1
11,2703,0
14,5352,0
14,6744,0
10,8679,0
4,691,0
14,3917,0
6,6566,0
8,7141,0
11,22796,0
7,2145,0
14,20184,0
11,5843,0
3,5045,0
7,18279,0
5,10408,0
4,24562,1
8,24588,0
13,9679,0
8,24876,0
9,12027,0
6,3552,0
8,9512,0
7,4227,0
12,16089,0
7,20803,0
2,12505,1
13,5461,0
8,14543,0
10,15276,0
6,709,0
2,22751,1
14,2354,0
14,16104,0
8,2733,0
9,5787,0
14,16708,0
9,15955,0
5,19430,1
8,10879,0
2,2283,0
6,8116,0
5,17036,1
2,19197,1
8,12835,0
9,18711,0
12,1275,0
8,14105,0
2,18488,1
3,22416,1
11,12207,0
11,13182,0
13,3562,0
5,3391,0
3,4858,0
2,18564,1
7,1970,0
5,16445,1
12,22711,0
11,13070,0
12,377,0
8,23976,0
9,5096,0
11,10394,0
9,12475,0
7,6120,0
2,3466,0
9,14112,0
6,8370,0
9,12769,0
2,7375,1
8,22835,0
3,5925,0
10,15481,0
7,12135,0
2,6047,0
11,19927,0
8,19169,0
14,15875,0
4,13357,1
14,18939,0
8,18213,0
13,11299,0
14,24945,0
2,5212,0
3,3614,0
2,479,0
10,10961,0
12,11462,0
8,15629,0
13,1734,0
3,15568,1
11,23440,0
9,4924,0
2,12035,1
2,20917,1
10,19351,0
3,903,0
4,19276,1
4,24020,1
4,22108,1
2,16724,1
14,18894,0
5,3202,0
5,1306,0
10,10590,0
14,24877,0
9,17927,0
5,14701,0
5,17097,1
4,22618,1
3,24313,1
7,11972,0
14,22045,0
12,13715,0
14,8006,0
12,16347,0
13,14703,0
11,17912,0
4,10794,0
3,7901,0
10,17903,0
13,17667,0
2,20713,1
8,20780,0
12,3533,0
13,5211,0
10,2118,0
9,19217,0
8,13947,0
3,16571,1
10,1385,0
11,19081,0
6,10387,0
14,3083,0
3,367,0
3,18459,1
13,23710,0
7,21584,0
4,16690,1
12,13528,0
11,4006,0
14,11061,0
3,14994,1
6,17358,0
3,12214,1
12,21638,0
8,20659,0
9,22234,0
14,18831,0
8,9035,0
14,19533,0
4,23776,1
13,9314,0
10,4859,0
10,14621,0
9,7057,0
11,6640,0
10,21493,0
8,6119,0
2,5165,0
2,10333,1
12,15632,0
8,7276,0
9,9070,0
6,9723,0
3,3715,0
11,21770,0
12,18930,0
7,20034,0
10,9780,0
7,23569,1
3,5209,0
2,8806,1
11,24622,0
7,8647,0
8,20638,0
8,9183,0
3,9353,0
8,16870,0
9,8383,0
14,5971,0
4,18823,1
5,8821,0
11,22504,0
5,8469,0
14,21868,0
14,4926,0
11,12847,0
7,4148,0
3,6236,0
13,10680,0
12,14952,0
13,5955,0
14,11635,0
2,11675,1
5,19206,1
3,17832,1
8,15516,0
11,4020,0
10,18240,0
12,23174,0
9,11808,0
5,21388,1
6,14627,0
7,18994,0
13,20440,0
7,966,0
6,23245,1
3,7213,0
5,17207,1
13,19736,0
14,19958,0
11,7636,0
9,6570,0
11,8174,0
5,3470,0
3,7757,0
9,11353,0
11,3035,0
12,10101,0
8,19992,0
11,15873,0
11,10643,0
6,16423,0
13,4804,0
7,2832,0
14,15698,0
7,24645,1
5,5562,0
11,19597,0
13,424,0
4,13336,1
9,4854,0
4,14623,1
10,9452,0
12,20301,0
7,4084,0
5,14986,0
4,14813,1
11,21519,0
8,18701,0
9,22108,0
13,7162,0
7,2159,0
14,23767,0
2,11157,1
6,6786,0
7,5296,0
4,22158,1
5,16860,1
13,20092,0
7,1353,0
14,22469,0
12,3692,0
7,7654,0
9,10081,0
7,13050,0
7,2729,0
7,21962,0
9,13608,0
7,6007,0
10,1022,0
14,14026,0
8,24902,0
6,6626,0
11,10403,0
3,19838,1
2,22176,1
2,11991,1
5,9161,0
4,8370,0
12,6334,0
3,24519,1
9,24368,0
12,7891,0
14,23760,0
7,22661,1
7,23493,1
4,18633,1
12,9884,0
2,443,0
13,19233,0
11,14653,0
11,13818,0
9,4027,0
10,6806,0
13,22374,0
6,9186,0
8,20907,0
12,2943,0
8,23741,0
2,5583,0
13,15165,0
3,12127,1
4,24408,1
12,3771,0
10,14715,0
3,10271,1
5,2407,0
2,5724,0
13,3019,0
10,19667,0
5,23160,1
6,1428,0
7,3768,0
2,21203,1
4,18126,1
14,20420,0
6,4987,0
10,8512,0
9,18570,0
2,3248,0
2,1845,0
9,18158,0
7,9214,0
12,17366,0
5,9264,0
9,20904,0
6,677,0
7,12162,0
14,9724,0
9,16727,0
8,7335,0
2,1092,0
14,1236,0
5,23643,1
8,2826,0
5,5827,0
9,11173,0
13,3442,0
9,19477,0
8,4245,0
14,17654,0
13,22677,0
3,21668,1
9,7180,0
13,16776,0
8,9599,0
12,15008,0
9,22387,0
5,9852,0
12,14305,0
14,19705,0
9,1377,0
7,1245,0
3,21328,1
5,10102,0
11,16305,0
5,6455,0
14,13742,0
14,10205,0
4,16766,1
9,23915,0
11,18587,0
8,321,0
4,14462,1
13,12981,0
12,23594,0
14,23727,0
2,9585,1
4,12152,0
12,11953,0
10,2322,0
9,8454,0
5,14000,0
2,17137,1
10,14175,0
8,6601,0
7,11702,0
2,13117,1
6,23319,1
5,11076,0
12,1407,0
2,23311,1
9,19155,0
12,12001,0
8,21041,0
12,17522,0
10,9458,0
5,16554,1
10,6580,0
10,8763,0
2,6087,0
11,1720,0
13,20359,0
11,469,0
13,4645,0
7,6397,0
3,7700,0
9,15873,0
4,23443,1
4,6481,0
7,7575,0
2,17725,1
13,16160,0
5,14858,0
12,2052,0
6,24008,1
7,12009,0
11,21593,0
9,6177,0
6,8975,0
12,8060,0
12,10360,0
11,9972,0
2,7925,1
4,12626,0
8,4661,0
5,5095,0
13,10593,0
14,3937,0
2,11304,1
5,11382,0
6,11888,0
5,20308,1
6,15760,0
8,16495,0
12,605,0
8,7899,0
5,7022,0
3,16583,1
14,12514,0
13,1861,0
8,997,0
12,6266,0
10,2344,0
11,4679,0
14,15990,0
7,24292,1
9,18622,0
4,20075,1
13,16752,0
9,22118,0
3,10487,1
10,13941,0
14,1155,0
12,20167,0
9,11011,0
6,13810,0
9,24992,0
8,14955,0
11,6060,0
8,6713,0
11,18584,0
3,10774,1
12,17809,0
8,15377,0
14,12761,0
12,12107,0
5,22032,1
13,8594,0
7,14588,0
3,12291,1
9,19806,0
13,21672,0
10,5061,0
10,20209,0
11,6907,0
3,2932,0
13,3083,0
12,5383,0
6,9771,0
2,4620,0
11,21660,0
13,24288,0
9,9080,0
9,22769,0
5,23418,1
14,16285,0
7,2546,0
10,17669,0
4,16542,1
10,15863,0
14,2695,0
2,24976,1
12,17387,0
11,16529,0
7,24070,1
14,23995,0
13,6908,0
6,13572,0
7,2010,0
12,19452,0
13,10537,0
7,6823,0
12,15194,0
14,14845,0
5,17232,1
11,17852,0
10,18828,0
13,13709,0
6,18197,0
7,11977,0
3,3906,0
10,3841,0
5,20194,1
8,19838,0
8,17342,0
12,22614,0
10,8890,0
2,18814,1
10,19997,0
2,8245,1
4,1022,0
9,23824,0
11,6179,0
9,674,0
6,18245,0
2,3284,0
5,23630,1
2,390,0
4,5651,0
2,11906,1
10,1187,0
6,8757,0
10,8292,0
2,21117,1
12,3408,0
14,6840,0
4,14285,1
3,21898,1
4,16736,1
12,18173,0
5,2455,0
12,8470,0
7,22827,1
5,8292,0
14,10504,0
9,17707,0
3,3773,0
13,6053,0
5,16521,1
11,19009,0
7,2596,0
12,14757,0
8,17759,0
2,10665,1
7,8464,0
13,24483,0
6,2107,0
2,6184,0
7,15547,0
9,24493,0
8,18891,0
8,2171,0
10,954,0
12,3692,0
14,23331,0
11,22145,0
10,23038,0
4,21405,1
5,19286,1
2,17583,1
11,19785,0
11,15437,0
9,22426,0
13,8672,0
12,10558,0
8,5962,0
6,5569,0
13,9545,0
9,20138,0
12,8906,0
7,14629,0
12,3644,0
14,20083,0
8,7026,0
11,16025,0
10,2666,0
6,19013,0
4,14758,1
11,16380,0
6,2997,0
13,16551,0
12,2441,0
10,21750,0
7,14881,0
9,9638,0
7,21487,0
4,342,0
6,18347,0
7,8546,0
3,4131,0
7,21477,0
6,23002,1
3,23600,1
14,11528,0
12,13234,0
9,4858,0
6,5978,0
13,1325,0
10,2064,0
13,10491,0
11,1578,0
10,3184,0
7,23396,1
7,20513,0
5,2668,0
14,2887,0
6,19187,0
13,21124,0
5,16128,1
9,2146,0
12,16688,0
11,11896,0
9,16715,0
2,7620,1
10,22688,0
2,12685,1
5,16458,1
10,18462,0
2,2530,0
10,9372,0
3,10816,1
7,21396,0
3,1289,0
2,16141,1
2,4933,0
5,12263,0
2,24842,1
10,23972,0
7,19628,0
8,24554,0
10,6038,0
14,8460,0
12,15555,0
6,22927,1
7,22956,1
4,7431,0
9,6857,0
7,11275,0
2,11516,1
13,12512,0
6,6862,0
9,481,0
10,2247,0
4,663,0
13,14402,0
2,17427,1
3,6702,0
5,12644,0
5,8325,0
12,23030,0
3,6536,0
14,3412,0
2,8999,1
3,15556,1
3,20063,1
8,22778,0
10,1262,0
3,19534,1
13,13304,0
14,5614,0
14,16947,0
8,22223,0
9,2991,0
14,23307,0
9,384,0
13,5148,0
10,22938,0
10,14025,0
8,19188,0
9,5778,0
13,21862,0
3,15659,1
3,7734,0
4,13516,1
11,1770,0
6,1850,0
7,6233,0
11,13481,0
7,11686,0
13,21737,0
10,22009,0
7,2581,0
12,16013,0
11,15290,0
5,1930,0
8,23884,0
13,18271,0
4,12691,0
3,22410,1
8,14458,0
5,17117,1
14,17183,0
6,8832,0
10,19126,0
9,21472,0
7,22067,0
11,17297,0
14,21833,0
4,23648,1
10,21944,0
3,4421,0
3,21782,1
8,4724,0
6,23999,1
6,5661,0
9,24401,0
13,23098,0
4,3863,0
8,5859,0
3,6476,0
13,23602,0
12,8471,0
5,22726,1
10,3848,0
6,10597,0
5,20799,1
5,19847,1
4,5443,0
10,4726,0
8,14359,0
12,792,0
12,5964,0
2,3296,0
11,23330,0
9,14892,0
11,22954,0
4,1303,0
12,19125,0
2,22919,1
13,4207,0
2,5383,0
10,11710,0
4,23018,1
14,3724,0
5,12119,0
10,11383,0
5,3936,0
8,3501,0
10,7537,0
3,12919,1
13,10108,0
11,14115,0
6,2313,0
4,24786,1
13,19781,0
5,22027,1
14,12126,0
14,17437,0
8,16872,0
8,17847,0
8,9822,0
13,769,0
13,6616,0
4,8159,0
14,18396,0
9,4958,0
8,1026,0
7,18589,0
2,13587,1
13,11225,0
6,15627,0
3,9873,1
10,24178,0
9,15775,0
4,21738,1
9,4302,0
7,5380,0
8,18279,0
10,13821,0
6,9653,0
11,15119,0
8,16232,0
12,6751,0
12,7601,0
2,8141,1
5,5488,0
13,2628,0
12,19108,0
13,9865,0
3,7107,0
12,3528,0
11,22242,0
10,10501,0
8,22258,0
8,18532,0
10,22853,0
9,6110,0
13,10635,0
6,10300,0
14,407,0
5,16984,1
9,1292,0
14,2728,0
13,3339,0
8,4305,0
13,20528,0
13,9306,0
4,6707,0
11,4163,0
8,24328,0
12,23359,0
5,13868,0
13,19757,0
8,21641,0
13,23938,0
11,12033,0
13,1022,0
9,20680,0
13,22868,0
11,19983,0
4,6287,0
2,1173,0
10,5886,0
14,8485,0
4,8955,0
13,9167,0
5,17821,1
8,17442,0
9,2824,0
14,1598,0
13,7749,0
9,12072,0
14,4005,0
13,19204,0
7,11595,0
13,23784,0
9,23846,0
4,13994,1
13,19072,0
5,13133,0
13,647,0
9,16643,0
8,17005,0
10,11076,0
8,18272,0
2,8812,1
8,4147,0
6,20333,1
6,10930,0
14,19055,0
10,13282,0
12,12284,0
7,1735,0
5,20239,1
5,13405,0
10,8432,0
4,11802,0
9,12362,0
6,15256,0
3,11012,1
7,9662,0
13,10818,0
7,22754,1
14,22371,0
8,10612,0
5,9684,0
3,3717,0
6,18813,0
3,21107,1
10,20330,0
5,6431,0
10,7749,0
14,6788,0
10,19988,0
10,4027,0
4,7045,0
4,17238,1
7,22850,1
5,4956,0
5,21398,1
12,17475,0
8,20947,0
14,11402,0
13,7320,0
9,17244,0
11,14415,0
13,13267,0
11,10181,0
5,24799,1
9,23303,0
3,16996,1
7,7125,0
6,24222,1
2,19122,1
5,1414,0
14,3144,0
6,16450,0
6,15147,0
8,11824,0
8,20433,0
12,11986,0
4,21736,1
9,1773,0
10,21932,0
4,18353,1
9,7550,0
10,5164,0
12,13309,0
7,18642,0
11,15885,0
11,21814,0
14,8909,0
5,19462,1
3,13943,1
7,5415,0
12,13898,0
14,759,0
10,21012,0
11,18701,0
9,9692,0
12,18526,0
4,2810,0
14,15662,0
3,21783,1
2,6449,1
7,5014,0
5,13053,0
5,15693,0
12,21225,0
6,22003,1
11,2922,0
9,998,0
3,23725,1
14,16862,0
14,24037,0
8,11052,0
5,1827,0
6,14951,0
6,12521,0
13,912,0
11,12603,0
9,1673,0
10,9335,0
2,6525,1
12,1175,0
5,19014,1
2,24833,1
6,18551,0
12,21083,0
8,20998,0
12,21433,0
12,22054,0
10,12614,0
2,23869,1
7,15565,0
13,23613,0
2,18893,1
3,15867,1
8,11280,0
14,9383,0
4,23692,1
8,20427,0
14,20693,0
11,7585,0
6,1318,0
13,17739,0
5,11105,0
12,3171,0
8,21448,0
13,14953,0
14,17857,0
12,7162,0
2,7320,1
14,21939,0
6,17044,0
8,8590,0
4,4657,0
2,16567,1
2,24644,1
4,13908,1
9,3718,0
2,23830,1
12,16745,0
9,17141,0
10,8432,0
14,16894,0
6,9064,0
12,537,0
4,14370,1
4,21356,1
2,11182,1
4,1640,0
11,20566,0
9,14750,0
13,23901,0
3,6693,0
10,3533,0
14,22597,0
12,20761,0
13,4796,0
3,9036,0
9,6413,0
9,10073,0
11,1991,0
14,6731,0
13,16000,0
7,6231,0
14,1145,0
12,1504,0
14,4438,0
12,12846,0
10,7186,0
7,20117,0
2,10377,1
3,16237,1
8,1796,0
14,23328,0
4,3414,0
11,16335,0
10,1904,0
2,19006,1
7,19877,0
14,589,0
4,16821,1
9,4868,0
13,16706,0
6,20317,1
6,15528,0
8,5833,0
14,17229,0
10,21033,0
8,15481,0
10,12564,0
14,13090,0
7,7181,0
9,4362,0
12,21850,0
10,21771,0
5,5801,0
11,23256,0
4,5686,0
14,2196,0
10,3030,0
12,2545,0
14,21025,0
7,2409,0
13,9761,0
7,11271,0
10,1282,0
11,18876,0
14,8017,0
11,2936,0
6,19404,1
6,4103,0
11,9172,0
3,9788,1
8,7086,0
13,16444,0
5,12653,0
14,12772,0
9,551,0
3,21075,1
7,12463,0
6,7634,0
12,7180,0
13,18814,0
6,9682,0
5,8245,0
6,8736,0
5,6029,0
4,9259,0
14,21056,0
9,8945,0
2,19638,1
7,7072,0
5,24238,1
5,20341,1
2,22871,1
9,7421,0
7,12350,0
3,7180,0
13,23270,0
6,22430,1
12,18439,0
7,13038,0
4,9578,0
9,5684,0
7,8486,0
12,14023,0
13,13710,0
2,19374,1
10,21512,0
9,1378,0
2,13915,1
2,20343,1
10,3267,0
7,20822,0
5,11103,0
5,1193,0
13,13652,0
2,16696,1
8,15260,0
11,23352,0
11,7401,0
11,11269,0
2,13910,1
14,6984,0
13,21147,0
4,8994,0
12,884,0
10,18796,0
2,9963,1
8,2987,0
10,21660,0
12,23004,0
12,13909,0
2,5750,0
3,8262,0
7,3697,0
8,10591,0
9,21813,0
8,20037,0
10,4479,0
5,9058,0
4,6613,0
14,2819,0
14,15401,0
8,6076,0
14,7759,0
7,13551,0
14,12717,0
4,3240,0
9,16869,0
11,22377,0
13,12144,0
3,23306,1
13,368,0
8,21665,0
4,10950,0
11,6107,0
7,2596,0
4,6530,0
12,10528,0
8,550,0
6,17594,0
4,12316,0
5,4320,0
14,24486,0
2,5167,0
9,9761,0
11,15468,0
13,13796,0
11,349,0
5,9817,0
8,15777,0
11,14095,0
10,10831,0
4,11016,0
13,1079,0
8,7047,0
4,1067,0
5,22556,1
9,14105,0
9,11875,0
3,6007,0
13,18852,0
11,24041,0
11,2952,0
8,9105,0
9,17176,0
13,19795,0
2,3864,0
10,323,0
4,20484,1
14,22288,0
10,4664,0
3,16080,1
14,406,0
3,14435,1
3,4135,0
12,6686,0
10,11317,0
5,9957,0
11,4676,0
10,15450,0
11,429,0
4,6684,0
2,5099,0
4,10765,0
9,1072,0
8,9178,0
10,5529,0
9,6383,0
14,3535,0
12,24737,0
12,6349,0
10,22938,0
12,6949,0
13,13573,0
12,1257,0
4,23009,1
10,24659,0
4,21248,1
3,9987,1
6,16860,0
10,12126,0
5,12233,0
10,24338,0
12,9658,0
5,17825,1
13,19918,0
3,19971,1
8,14542,0
14,5438,0
4,3847,0
2,6074,0
2,510,0
3,6255,0
14,932,0
8,8761,0
14,1759,0
11,16521,0
4,11608,0
12,18684,0
3,21581,1
8,4364,0
12,11416,0
2,14422,1
8,3998,0
9,3952,0
6,22419,1
9,22770,0
10,10902,0
11,8386,0
2,23814,1
7,17788,0
13,14742,0
11,1766,0
12,6234,0
2,24884,1
12,15247,0
12,10194,0
12,18969,0
12,22561,0
4,10534,0
10,16738,0
3,9354,0
2,3989,0
10,3984,0
14,8733,0
12,18430,0
6,11189,0
14,14920,0
13,20039,0
7,11761,0
13,4572,0
9,16658,0
5,2019,0
14,13616,0
10,12759,0
14,21020,0
3,8401,0
9,18258,0
10,12085,0
12,6142,0
6,3437,0
3,13465,1
3,15642,1
9,22786,0
10,11811,0
9,21566,0
10,12939,0
2,10380,1
10,17093,0
7,15548,0
13,7555,0
8,20469,0
6,18329,0
3,13844,1
3,21195,1
5,19507,1
13,14029,0
4,5191,0
6,11931,0
12,13523,0
6,8554,0
13,15386,0
4,21005,1
14,23038,0
12,19751,0
11,12925,0
9,11173,0
12,2521,0
4,12193,0
13,11609,0
13,5995,0
9,7092,0
13,8717,0
9,2512,0
8,12162,0
3,21319,1
4,20958,1
12,22757,0
6,21233,1
6,5544,0
13,17420,0
8,21541,0
8,8143,0
3,21017,1
5,4484,0
2,3553,0
2,14612,1
9,654,0
14,9530,0
4,2815,0
3,19403,1
13,3705,0
14,20343,0
9,18559,0
9,18526,0
7,19985,0
7,16329,0
4,2350,0
6,1341,0
12,12428,0
8,4285,0
4,22699,1
4,19369,1
3,4411,0
9,14219,0
5,18983,1
11,21321,0
9,1372,0
13,6294,0
4,9411,0
7,7250,0
4,15615,1
9,12479,0
2,21396,1
14,22594,0
9,16236,0
5,1900,0
12,6890,0
7,3864,0
3,3400,0
3,20591,1
3,14224,1
4,12504,0
7,4785,0
11,18380,0
6,6617,0
8,10916,0
2,493,0
3,2515,0
11,21962,0
4,17903,1
9,10196,0
2,1591,0
4,13786,1
14,24009,0
12,22905,0
4,9015,0
6,16932,0
14,12680,0
2,24840,1
2,14808,1
9,24332,0
9,9011,0
12,19943,0
5,11095,0
10,1074,0
11,22007,0
10,13722,0
5,14535,0
12,20408,0
10,21430,0
2,16611,1
5,11855,0
9,12950,0
11,17211,0
7,8615,0
13,6113,0
9,8450,0
6,21729,1
13,2482,0
2,2113,0
14,18579,0
5,21467,1
14,23546,0
14,14290,0
9,18543,0
3,21004,1
10,13739,0
11,19855,0
14,24970,0
7,24601,1
10,10360,0
5,11245,0
9,13314,0
12,16714,0
8,8541,0
12,19277,0
5,1715,0
4,8637,0
5,2116,0
2,7700,1
10,6859,0
12,13083,0
6,17992,0
3,17146,1
2,20433,1
4,1835,0
2,14688,1
11,14496,0
3,17592,1
2,11744,1
5,15221,0
2,22666,1
10,8949,0
14,18169,0
4,7359,0
10,20697,0
4,19994,1
14,740,0
8,673,0
9,8922,0
4,749,0
7,13750,0
11,21208,0
5,13271,0
14,9789,0
6,8681,0
3,12058,1
9,23245,0
12,6578,0
7,10897,0
12,11855,0
4,13900,1
8,6547,0
7,17577,0
4,17224,1
5,24427,1
12,15604,0
11,18541,0
5,23390,1
13,19622,0
3,4343,0
6,21825,1
10,9460,0
3,9883,1
10,4114,0
3,11567,1
3,17840,1
10,16109,0
6,3377,0
3,17647,1
8,3463,0
13,20163,0
11,18054,0
5,12411,0
14,3313,0
11,16167,0
14,9099,0
5,2797,0
14,16193,0
10,19949,0
8,395,0
14,22491,0
5,21692,1
3,7063,0
2,4259,0
3,14112,1
5,22962,1
10,3352,0
12,20219,0
7,656,0
11,16158,0
6,12528,0
2,17616,1
14,11297,0
2,15794,1
2,20367,1
6,4663,0
3,8661,0
2,7027,1
10,14140,0
12,8514,0
9,18451,0
14,18708,0
2,12508,1
10,8621,0
9,19555,0
14,7812,0
6,9229,0
8,1211,0
4,9622,0
13,19829,0
4,12593,0
3,14449,1
10,19748,0
4,23050,1
5,20723,1
2,3696,0
3,19158,1
9,6202,0
9,20048,0
14,5001,0
6,9802,0
3,17073,1
7,1155,0
4,9716,0
10,8243,0
3,20564,1
6,2465,0
8,20253,0
13,6386,0
14,11981,0
8,24636,0
13,4473,0
9,22574,0
3,11795,1
8,11251,0
10,9538,0
6,19063,0
14,8120,0
5,18849,1
5,22424,1
5,15148,0
2,7628,1
7,11867,0
2,19610,1
6,19220,1
5,19543,1
3,3893,0
14,21452,0
5,17891,1
14,5981,0
8,5310,0
2,15734,1
6,15061,0
2,4288,0
11,18258,0
13,7575,0
10,18199,0
10,12793,0
7,11513,0
9,4494,0
13,16245,0
11,1143,0
10,11862,0
9,6172,0
14,7584,0
5,9963,0
3,11609,1
14,14548,0
14,7407,0
14,9982,0
6,994,0
13,6193,0
6,8726,0
14,18553,0
2,6179,0
4,5590,0
13,11341,0
4,901,0
13,22771,0
5,1325,0
14,19546,0
10,9598,0
3,8838,0
4,11576,0
3,4440,0
14,2982,0
13,18956,0
6,24139,1
2,23591,1
5,23668,1
9,21578,0
4,5929,0
12,13382,0
8,8558,0
8,2905,0
11,20468,0
11,989,0
9,6584,0
8,8947,0
12,20382,0
3,5077,0
12,4722,0
13,2577,0
9,2225,0
9,23306,0
11,6543,0
7,24872,1
6,21210,1
3,16557,1
7,5336,0
8,20461,0
4,17163,1
7,12671,0
8,19777,0
5,4630,0
13,2261,0
11,24554,0
3,6613,0
10,21760,0
4,15897,1
10,18748,0
10,12953,0
6,4217,0
3,22935,1
6,9854,0
9,8067,0
8,21264,0
5,5386,0
13,1377,0
12,10929,0
8,15243,0
13,8091,0
11,19665,0
13,17062,0
5,13779,0
3,5922,0
12,22176,0
12,17090,0
12,11420,0
3,15167,1
10,7620,0
8,20956,0
10,2404,0
7,23319,1
2,5357,0
8,12600,0
12,2770,0
5,22054,1
14,17282,0
11,12872,0
9,22247,0
3,5494,0
8,1054,0
8,5355,0
11,16875,0
14,23396,0
4,10106,0
10,8392,0
3,24490,1
4,4150,0
12,17974,0
8,3135,0
4,15286,1
7,23839,1
11,23194,0
2,20785,1
7,5422,0
5,2329,0
5,2081,0
6,16620,0
2,18362,1
13,20873,0
14,2306,0
5,18377,1
6,17305,0
7,3153,0
4,17778,1
10,18892,0
6,14755,0
14,14373,0
4,3913,0
14,20019,0
9,14980,0
13,13817,0
2,16251,1
11,16401,0
8,5464,0
6,12421,0
8,24405,0
3,24051,1
5,4955,0
7,20570,0
13,6135,0
8,5600,0
9,19534,0
14,21104,0
12,16157,0
2,5201,0
14,6145,0
7,16159,0
7,24964,1
13,10675,0
5,18674,1
12,10122,0
8,18243,0
5,20103,1
10,12873,0
9,8771,0
9,19483,0
9,3895,0
3,23337,1
4,14344,1
6,12205,0
11,3513,0
10,16762,0
9,6927,0
13,11812,0
12,2541,0
11,3253,0
4,17327,1
12,10690,0
13,3283,0
5,8461,0
11,16607,0
7,8787,0
4,16461,1
8,634,0
3,1133,0
11,12498,0
8,428,0
11,9906,0
13,17256,0
7,2572,0
6,20057,1
5,7277,0
10,12673,0
12,20940,0
12,8307,0
3,8589,0
13,15936,0
6,1839,0
4,1011,0
10,17627,0
4,8589,0
8,21791,0
14,21758,0
12,868,0
11,17004,0
9,23854,0
2,20329,1
10,18765,0
14,24257,0
13,11973,0
3,20257,1
3,19441,1
12,6149,0
11,24536,0
4,23902,1
7,11614,0
2,8810,1
10,7742,0
9,19083,0
2,14949,1
7,11207,0
14,10546,0
3,4493,0
12,19346,0
4,23069,1
14,4058,0
8,17916,0
4,1070,0
2,8989,1
7,5520,0
12,23271,0
5,6801,0
9,16955,0
2,20193,1
11,19566,0
12,13241,0
11,7417,0
14,13859,0
14,18006,0
10,2455,0
12,19841,0
10,21128,0
4,5427,0
5,20036,1
7,2634,0
4,4375,0
6,18312,0
6,18216,0
14,24861,0
10,6702,0
12,7032,0
7,3816,0
8,13757,0
11,20765,0
5,13210,0
5,22937,1
4,18360,1
10,5301,0
7,6008,0
4,11317,0
3,24698,1
4,21728,1
13,20633,0
9,19295,0
9,8172,0
7,13381,0
3,7376,0
5,14843,0
5,10634,0
13,13257,0
10,1438,0
11,21680,0
10,16343,0
3,15048,1
2,821,0
2,3477,0
5,1742,0
3,3962,0
3,3249,0
11,20938,0
12,16302,0
9,2733,0
12,20957,0
7,20968,0
9,10153,0
6,6843,0
12,1451,0
8,23828,0
7,488,0
9,4099,0
5,19295,1
2,2821,0
11,3800,0
14,6629,0
9,1870,0
13,2191,0
4,652,0
8,3753,0
13,9186,0
13,8643,0
2,696,0
6,13359,0
13,3806,0
14,20259,0
11,18754,0
12,23674,0
2,2032,0
3,16519,1
8,3651,0
6,24208,1
9,4986,0
9,22218,0
10,14264,0
11,12237,0
13,18567,0
8,2752,0
12,4369,0
13,21190,0
4,17058,1
14,9268,0
9,21402,0
4,15080,1
4,16959,1
13,19655,0
12,7196,0
12,5388,0
14,21585,0
9,7919,0
14,15949,0
4,6393,0
8,5223,0
5,14871,0
12,20257,0
13,3916,0
12,9081,0
4,7581,0
4,23073,1
10,8069,0
6,11476,0
11,2820,0
13,13957,0
3,11803,1
5,14892,0
9,17654,0
14,11510,0
10,20286,0
3,24184,1
5,7157,0
6,13759,0
2,21824,1
11,20217,0
11,15687,0
10,12307,0
11,23301,0
12,14580,0
3,16421,1
2,1700,0
11,14343,0
2,3279,0
9,8574,0
3,8620,0
10,10999,0
13,21520,0
10,24007,0
14,2961,0
14,14971,0
10,2764,0
10,7781,0
10,24352,0
13,5944,0
11,14509,0
11,7824,0
4,24543,1
3,19765,1
14,14346,0
2,2621,0
4,11642,0
3,8772,0
11,18115,0
6,7702,0
5,604,0
6,24554,1
11,8422,0
9,2447,0
14,18099,0
8,19203,0
14,15093,0
9,13590,0
12,11454,0
12,19334,0
4,8859,0
13,12686,0
9,14597,0
8,15290,0
8,4194,0
7,15819,0
10,21343,0
7,17758,0
3,24704,1
2,18286,1
2,512,0
4,21430,1
8,20585,0
3,5842,0
12,17859,0
6,1017,0
8,21873,0
11,7284,0
6,23835,1
13,7936,0
5,19359,1
10,1181,0
9,1624,0
6,16159,0
8,16106,0
3,17581,1
12,12603,0
6,23565,1
11,23924,0
11,1209,0
7,3198,0
12,758,0
5,6594,0
4,5862,0
7,18509,0
12,3201,0
6,5108,0
14,16223,0
2,6908,1
6,3696,0
9,4134,0
12,9790,0
11,24706,0
13,2075,0
11,4346,0
10,5227,0
4,1864,0
7,19604,0
7,1234,0
4,10681,0
2,8949,1
11,11805,0
14,18962,0
9,16888,0
4,8768,0
6,19480,1
4,8780,0
6,20377,1
13,5262,0
9,11170,0
11,676,0
8,21587,0
10,16778,0
3,14191,1
4,14064,1
13,3842,0
13,5720,0
14,6205,0
2,2563,0
3,8783,0
13,24105,0
7,3153,0
13,10490,0
3,14962,1
12,7076,0
12,24185,0
10,10353,0
11,14022,0
2,12045,1
9,10364,0
12,9860,0
5,21466,1
3,19830,1
9,1880,0
13,13980,0
7,8775,0
7,21832,0
10,23174,0
7,7728,0
8,12819,0
4,10164,0
7,9313,0
2,9744,1
11,20146,0
4,6900,0
10,12109,0
14,18545,0
7,14454,0
5,10473,0
5,23549,1
12,19717,0
10,17270,0
6,23849,1
8,24589,0
10,11445,0
3,16946,1
5,15865,0
14,6733,0
13,5964,0
13,2506,0
2,6460,1
3,6658,0
4,12127,0
13,19242,0
7,9334,0
8,13634,0
2,2082,0
10,5531,0
6,12354,0
10,9710,0
4,16440,1
9,20958,0
14,17517,0
2,12205,1
4,15457,1
13,12980,0
8,4539,0
12,14725,0
8,17783,0
4,16273,1
8,9383,0
12,9534,0
2,15510,1
3,14247,1
3,13380,1
4,5119,0
14,10124,0
3,18170,1
8,12872,0
8,11094,0
12,8185,0
6,5608,0
8,7079,0
9,11427,0
9,13786,0
8,6974,0
6,21638,1
4,16961,1
2,14540,1
11,5253,0
2,22086,1
4,12440,0
6,6583,0
11,4578,0
7,7355,0
12,1552,0
8,19107,0
9,10557,0
2,3235,0
6,6706,0
13,6829,0
12,2932,0
10,17454,0
11,2244,0
7,24235,1
5,7685,0
7,20728,0
3,20831,1
5,542,0
11,18847,0
10,18815,0
14,22069,0
10,15079,0
6,4554,0
2,16418,1
10,7482,0
14,21970,0
4,24261,1
5,484,0
8,10450,0
12,14604,0
7,14137,0
14,23312,0
8,14990,0
3,5929,0
9,998,0
8,12018,0
7,8938,0
3,9625,1
3,11784,1
11,1365,0
13,11122,0
9,19059,0
7,20239,0
8,2909,0
3,391,0
9,10022,0
9,13131,0
13,7364,0
9,3588,0
3,15708,1
10,13621,0
12,12064,0
8,2740,0
6,3020,0
12,10133,0
5,12698,0
5,2820,0
5,1849,0
6,6343,0
2,13070,1
7,15759,0
3,11736,1
13,1562,0
6,15276,0
7,23328,1
10,13919,0
8,5476,0
11,21416,0
10,10041,0
5,5644,0
8,23975,0
8,15058,0
11,6460,0
11,1580,0
8,3660,0
7,3252,0
2,12069,1
7,4919,0
13,8363,0
13,19513,0
3,19297,1
3,22780,1
14,397,0
6,4558,0
9,12770,0
12,12828,0
9,17301,0
10,10549,0
13,1804,0
4,19403,1
14,19541,0
4,13543,1
4,23187,1
4,11667,0
9,20884,0
6,12345,0
14,16846,0
6,6452,0
10,11765,0
4,11327,0
7,13650,0
11,12700,0
13,7139,0
14,17615,0
6,19378,1
4,20376,1
12,5168,0
14,12641,0
12,8046,0
12,21266,0
9,17324,0
3,2121,0
13,6929,0
4,5357,0
6,1406,0
3,4826,0
13,13000,0
3,21787,1
3,8302,0
10,3774,0
14,3411,0
13,1253,0
10,12827,0
10,3618,0
6,15239,0
3,8216,0
10,11638,0
13,10975,0
6,16883,0
8,14039,0
9,1018,0
6,1990,0
7,15816,0
4,3570,0
6,20826,1
6,9042,0
7,23319,1
14,20661,0
12,2234,0
2,18508,1
10,2174,0
11,23873,0
12,5340,0
10,18766,0
5,19402,1
13,22878,0
4,5870,0
8,22176,0
9,6488,0
3,21562,1
5,16480,1
4,18249,1
10,648,0
7,22179,0
12,8800,0
3,2157,0
4,14621,1
3,15882,1
3,20055,1
13,14234,0
11,7768,0
10,4719,0
8,6692,0
10,10115,0
4,24719,1
13,10408,0
5,14009,0
6,625,0
8,20583,0
8,22119,0
3,18980,1
6,20327,1
7,24208,1
14,19192,0
2,8544,1
12,2367,0
9,7687,0
13,9659,0
5,14057,0
2,23870,1
2,19169,1
5,23407,1
3,2483,0
11,10835,0
12,3908,0
9,7865,0
3,5891,0
10,16045,0
8,22218,0
12,22778,0
11,20626,0
10,15231,0
13,3131,0
3,17763,1
7,1375,0
3,4514,0
9,9089,0
7,10363,0
6,13430,0
12,22565,0
4,3650,0
4,6409,0
5,2440,0
5,11926,0
6,24335,1
6,5228,0
10,1357,0
11,438,0
7,23118,1
5,11644,0
4,1489,0
9,24999,0
12,8272,0
3,10037,1
10,1934,0
7,5773,0
12,4801,0
13,20686,0
9,625,0
4,4040,0
2,7027,1
7,2073,0
9,5491,0
11,22578,0
12,19358,0
14,5919,0
14,23892,0
4,6064,0
2,2764,0
14,23412,0
6,12883,0
14,21742,0
4,21278,1
8,17016,0
4,5800,0
2,5173,0
3,2589,0
8,6139,0
12,3093,0
10,12832,0
14,23459,0
11,4383,0
4,819,0
8,5805,0
11,24832,0
8,22328,0
4,22775,1
11,5327,0
6,10616,0
8,21922,0
12,2957,0
14,4643,0
3,18467,1
8,1742,0
2,5979,0
9,18422,0
5,2589,0
6,7688,0
5,20360,1
14,19442,0
6,17289,0
5,17960,1
2,10431,1
4,5352,0
2,3701,0
4,9180,0
13,15234,0
14,4541,0
10,24601,0
10,13711,0
11,4094,0
2,23267,1
3,9077,0
12,9655,0
5,2450,0
3,13959,1
13,23799,0
3,14954,1
6,23059,1
9,9319,0
5,13326,0
12,13519,0
9,20847,0
10,24234,0
13,3990,0
7,17642,0
13,9865,0
6,17161,0
4,13438,1
7,7332,0
8,1875,0
2,16809,1
7,4081,0
8,19976,0
9,9435,0
6,3566,0
7,5869,0
12,12109,0
3,22308,1
3,11306,1
2,10051,1
11,19000,0
7,15493,0
10,17201,0
7,15499,0
4,19906,1
8,19844,0
2,22298,1
14,12179,0
12,24462,0
3,21045,1
2,24253,1
2,9205,1
13,8309,0
11,6375,0
7,4799,0
3,931,0
5,13959,0
5,17057,1
6,17606,0
3,10362,1
8,14178,0
6,22068,1
2,24108,1
2,20061,1
6,21226,1
9,20782,0
6,15092,0
10,11170,0
13,13681,0
11,12825,0
14,24556,0
13,19988,0
9,10678,0
8,6508,0
9,12859,0
11,12778,0
5,17052,1
13,8436,0
7,10133,0
7,12703,0
4,1744,0
9,19466,0
10,1993,0
4,6283,0
2,420,0
11,22349,0
8,18038,0
3,19148,1
11,4691,0
5,12523,0
7,4216,0
8,8513,0
8,5216,0
2,19308,1
4,11254,0
6,1372,0
9,9096,0
2,1398,0
7,14488,0
12,13527,0
10,10930,0
6,8289,0
11,22039,0
4,13992,1
8,21656,0
7,19150,0
4,17317,1
7,19384,0
12,11698,0
5,7939,0
14,15913,0
7,13094,0
10,19035,0
8,473,0
4,18525,1
10,12462,0
8,5567,0
2,23978,1
10,19849,0
7,7696,0
11,23957,0
3,20499,1
14,22033,0
7,2314,0
5,16123,1
9,5702,0
4,24072,1
10,4987,0
7,3048,0
6,24878,1
11,6489,0
7,15650,0
2,17724,1
5,19550,1
13,14161,0
5,7681,0
4,17440,1
2,18814,1
6,19200,0
8,20164,0
9,14013,0
7,22367,0
13,24012,0
10,10707,0
14,22643,0
6,2885,0
13,10808,0
12,21120,0
2,14024,1
12,6344,0
14,16556,0
10,13488,0
11,5855,0
8,10268,0
5,14691,0
8,6313,0
6,7768,0
9,2095,0
11,18007,0
14,10547,0
8,3571,0
10,23053,0
3,6770,0
3,21788,1
13,21016,0
7,5930,0
11,17262,0
6,23900,1
8,24832,0
9,7550,0
4,11065,0
7,4205,0
11,21734,0
2,446,0
14,1498,0
10,17676,0
9,20081,0
3,18261,1
2,21028,1
8,23639,0
9,14646,0
5,18088,1
10,16750,0
4,19237,1
9,11124,0
13,11127,0
14,15313,0
5,24966,1
8,549,0
7,16587,0
10,24213,0
11,24725,0
6,14144,0
11,2671,0
5,610,0
4,17912,1
14,11488,0
5,2333,0
11,11427,0
4,12725,0
13,23424,0
12,19295,0
5,3914,0
2,1265,0
14,23941,0
14,2044,0
6,10308,0
10,11777,0
14,8958,0
11,23448,0
5,19305,1
3,3143,0
8,16179,0
5,3331,0
11,21077,0
11,10174,0
11,22854,0
7,6548,0
11,2673,0
7,11887,0
12,21658,0
6,1884,0
4,19661,1
3,18879,1
4,5559,0
5,3650,0
7,10956,0
9,3782,0
9,23968,0
13,22669,0
6,24529,1
7,12553,0
2,11643,1
4,17120,1
4,19932,1
9,11140,0
3,3898,0
6,19986,1
10,3913,0
5,12036,0
9,7838,0
12,19969,0
8,17058,0
7,9389,0
12,870,0
10,14329,0
6,434,0
8,2235,0
7,16535,0
6,10220,0
4,18839,1
10,4790,0
13,5324,0
8,11157,0
10,3878,0
13,11798,0
7,1242,0
13,18409,0
2,4865,0
9,8893,0
12,6839,0
12,3644,0
14,4664,0
3,4111,0
2,9987,1
6,22536,1
6,6849,0
3,10879,1
3,3415,0
14,22759,0
4,15982,1
2,8905,1
6,5125,0
11,21463,0
10,7356,0
8,8468,0
3,14797,1
4,6297,0
10,24953,0
2,20397,1
5,624,0
11,19600,0
3,6270,0
2,20116,1
4,19816,1
10,16949,0
5,17076,1
2,15684,1
6,22165,1
4,15562,1
10,916,0
4,8527,0
4,4148,0
3,16527,1
7,13077,0
11,14510,0
11,4980,0
2,23348,1
2,22986,1
3,18393,1
3,24076,1
14,337,0
6,24377,1
10,24442,0
9,7306,0
13,10997,0
5,12356,0
14,15550,0
3,15027,1
12,6336,0
3,11852,1
11,18913,0
8,5109,0
2,17511,1
12,7840,0
6,15609,0
9,17408,0
3,12839,1
2,19337,1
6,19940,1
11,5476,0
3,1465,0
6,5559,0
11,19773,0
9,11623,0
7,18162,0
10,8487,0
6,16279,0
12,10283,0
12,9633,0
9,15428,0
8,12505,0
10,4662,0
6,20655,1
5,8667,0
13,5232,0
12,13786,0
10,17323,0
5,21689,1
4,16497,1
13,432,0
7,6726,0
11,20732,0
8,13887,0
12,7364,0
4,24281,1
5,10381,0
3,2593,0
8,19550,0
14,3728,0
10,18240,0
9,1624,0
11,23912,0
11,19163,0
5,3535,0
10,19338,0
5,11178,0
8,20432,0
5,7562,0
12,9279,0
2,22337,1
14,22067,0
5,5321,0
5,21641,1
2,1221,0
12,11951,0
9,14752,0
13,22051,0
10,16949,0
3,3379,0
13,1376,0
13,24392,0
7,1946,0
4,20616,1
12,14758,0
12,24046,0
10,1377,0
12,3220,0
6,24535,1
4,16593,1
14,6300,0
5,14031,0
5,17697,1
4,16003,1
6,14701,0
8,8743,0
8,11359,0
7,5286,0
5,17146,1
5,13787,0
7,18750,0
10,6985,0
9,15820,0
8,4468,0
13,16933,0
11,9269,0
2,6104,0
14,16664,0
5,13951,0
12,16982,0
6,6698,0
8,21501,0
7,22240,0
4,8966,0
8,24069,0
13,19340,0
10,1218,0
6,7272,0
7,22331,0
11,21241,0
8,10798,0
12,11963,0
11,9844,0
12,23558,0
7,3256,0
2,24081,1
14,11985,0
6,19624,1
4,1397,0
11,21261,0
4,1623,0
6,7173,0
11,1024,0
10,24457,0
7,1036,0
7,6704,0
6,14432,0
13,20153,0
11,23084,0
10,21727,0
10,16619,0
3,24742,1
6,20939,1
14,12644,0
12,14120,0
3,4587,0
2,2632,0
4,12454,0
5,5383,0
9,13051,0
2,11883,1
4,14502,1
8,21774,0
11,19498,0
13,23137,0
6,5106,0
2,24832,1
2,22078,1
10,23640,0
3,21924,1
6,6508,0
8,10478,0
3,2570,0
13,10794,0
6,21508,1
10,15479,0
3,12403,1
13,17869,0
4,20839,1
10,3804,0
13,20511,0
9,20890,0
2,4958,0
9,16724,0
14,1561,0
7,18312,0
6,21919,1
5,21317,1
12,7890,0
6,22416,1
2,6386,0
11,17522,0
12,7262,0
7,17407,0
8,16943,0
7,14920,0
11,24720,0
3,4246,0
3,14587,1
8,2461,0
3,12077,1
3,24585,1
7,16216,0
14,11115,0
13,2726,0
12,21825,0
8,22884,0
13,2095,0
5,10480,0
12,8844,0
2,23217,1
4,10937,0
9,3294,0
14,16329,0
10,20834,0
13,23454,0
7,9135,0
12,16354,0
4,20484,1
12,7270,0
8,13037,0
14,24600,0
11,944,0
4,14404,1
9,22297,0
9,5807,0
8,481,0
13,20330,0
8,23761,0
14,6774,0
7,23288,1
8,9533,0
5,8432,0
8,10080,0
12,18411,0
13,18328,0
10,7184,0
6,12962,0
5,5223,0
5,12601,0
4,6583,0
9,2878,0
2,20403,1
9,14967,0
8,23361,0
2,20566,1
14,15710,0
12,3434,0
6,18864,0
13,338,0
13,19203,0
8,19563,0
2,20974,1
9,21004,0
11,24296,0
3,9396,0
9,13907,0
14,16837,0
6,447,0
13,13601,0
12,9014,0
12,19851,0
8,17821,0
7,18662,0
6,4340,0
9,20715,0
2,21535,1
10,23692,0
5,21915,1
13,22518,0
8,647,0
7,11649,0
4,21437,1
6,13036,0
12,3540,0
6,11732,0
3,8770,0
7,10701,0
3,1911,0
3,24730,1
6,15245,0
11,22069,0
11,20051,0
9,15167,0
4,4924,0
6,17834,0
2,17986,1
8,11159,0
2,15534,1
6,2809,0
12,8896,0
13,23925,0
14,22018,0
10,2329,0
13,3371,0
7,14880,0
2,4253,0
12,7823,0
4,15728,1
7,2497,0
4,10917,0
8,14661,0
9,4882,0
9,9750,0
2,20249,1
9,3975,0
13,13277,0
2,20373,1
7,24731,1
11,13249,0
4,8771,0
9,3582,0
8,1214,0
9,24987,0
12,16540,0
3,10655,1
4,18732,1
2,8006,1
4,24748,1
14,5848,0
6,23417,1
4,362,0
4,9530,0
12,22957,0
9,1017,0
9,382,0
8,8009,0
9,15865,0
3,13632,1
7,14962,0
6,1400,0
3,23709,1
5,10065,0
6,13972,0
5,11468,0
11,24841,0
2,18789,1
14,10116,0
5,17564,1
2,23498,1
4,15833,1
8,24659,0
5,9118,0
2,19473,1
7,5258,0
12,24586,0
14,22367,0
3,15679,1
5,10036,0
7,12688,0
7,15235,0
14,2442,0
3,9680,1
11,20214,0
12,1943,0
11,7606,0
4,3576,0
5,9735,0
6,5197,0
5,15322,0
5,6752,0
10,17852,0
9,9399,0
7,4914,0
7,4179,0
6,24355,1
8,2798,0
8,24663,0
2,11771,1
6,11639,0
13,17902,0
9,17976,0
14,13785,0
2,4965,0
4,8420,0
4,3595,0
5,18046,1
11,11695,0
12,4667,0
14,12959,0
8,15285,0
9,7591,0
9,21859,0
5,21639,1
3,23966,1
6,5223,0
8,7104,0
10,21282,0
4,7533,0
5,12108,0
8,11878,0
11,23399,0
12,15363,0
12,23336,0
9,15198,0
11,13328,0
2,15857,1
11,10908,0
11,6847,0
5,1274,0
7,19402,0
3,8434,0
3,22170,1
11,2599,0
8,10088,0
14,22213,0
13,22296,0
13,3913,0
6,16980,0
11,9357,0
6,22259,1
8,3044,0
13,23804,0
8,6097,0
13,1506,0
12,14698,0
5,1546,0
2,13917,1
6,23040,1
10,2781,0
5,8416,0
11,8699,0
7,13770,0
8,21783,0
12,777,0
12,12489,0
9,13566,0
3,13939,1
12,6772,0
12,23347,0
7,12348,0
6,14655,0
12,5129,0
11,20550,0
4,18496,1
6,1114,0
13,13887,0
4,11908,0
4,12094,0
3,6058,0
6,14841,0
14,4879,0
9,5427,0
12,17472,0
4,2677,0
2,6352,0
2,2725,0
6,13537,0
14,23437,0
2,19291,1
13,8679,0
13,13580,0
5,10297,0
2,2434,0
12,3582,0
4,17362,1
13,16414,0
9,14332,0
8,8185,0
9,10685,0
7,5433,0
11,16840,0
5,19872,1
12,18134,0
5,23001,1
7,15588,0
13,19854,0
9,18384,0
8,19222,0
10,11919,0
7,3382,0
12,11856,0
9,24767,0
12,23584,0
11,14531,0
5,19992,1
6,4080,0
5,20582,1
13,12507,0
7,661,0
10,22424,0
11,7897,0
14,1170,0
2,5828,0
10,1741,0
11,4373,0
8,16170,0
9,23246,0
13,14486,0
5,13309,0
3,24704,1
6,19972,1
10,24344,0
3,19795,1
10,23719,0
12,7908,0
7,14505,0
11,3447,0
6,8921,0
5,9245,0
11,23730,0
6,20782,1
13,19164,0
9,12080,0
10,12903,0
6,6263,0
11,1436,0
8,8564,0
2,6998,1
10,23458,0
10,18253,0
7,14687,0
11,1079,0
6,351,0
8,21209,0
2,8758,1
13,15119,0
6,21415,1
3,4932,0
7,4102,0
3,19422,1
4,12958,1
9,14158,0
8,21621,0
6,19816,1
14,3592,0
12,21392,0
13,2864,0
7,20745,0
10,4658,0
8,13807,0
13,7915,0
3,12749,1
8,3329,0
14,19381,0
3,18910,1
11,4054,0
9,3467,0
7,3590,0
9,14509,0
10,1482,0
13,17164,0
3,18121,1
10,14348,0
8,10527,0
5,5448,0
8,22953,0
6,10205,0
5,4285,0
7,7138,0
9,9593,0
5,10171,0
7,9917,0
12,23592,0
8,16750,0
6,10686,0
9,12751,0
4,12563,0
13,18559,0
3,4337,0
6,24300,1
6,2643,0
14,3422,0
3,13003,1
2,10649,1
3,8373,0
4,13289,1
3,1010,0
7,20150,0
3,13256,1
5,10591,0
3,10876,1
10,10921,0
4,20323,1
9,4741,0
11,7282,0
12,8524,0
14,22743,0
5,18273,1
10,22525,0
5,575,0
13,13573,0
14,24804,0
14,24492,0
8,11647,0
13,10230,0
11,2772,0
14,13896,0
3,16108,1
7,20041,0
5,9985,0
13,15970,0
7,9193,0
4,1172,0
2,15833,1
2,15687,1
14,17072,0
8,10311,0
9,15297,0
6,19009,0
5,18087,1
14,20014,0
2,16632,1
3,7403,0
9,13625,0
6,19252,1
11,20571,0
12,21412,0
7,15499,0
14,14243,0
14,6117,0
5,17005,1
13,22958,0
5,3498,0
2,7883,1
7,13286,0
11,7533,0
9,2949,0
11,3354,0
6,17757,0
2,18556,1
9,19849,0
14,22614,0
6,16441,0
12,7947,0
9,10633,0
14,16966,0
10,7414,0
4,2658,0
10,14885,0
13,18021,0
12,4184,0
9,1572,0
10,11369,0
5,14042,0
9,9168,0
2,10373,1
14,6980,0
6,24102,1
11,19783,0
10,19089,0
4,14813,1
4,9092,0
13,5562,0
12,20407,0
14,20565,0
2,20132,1
5,24511,1
8,21150,0
2,410,0
8,7436,0
9,12305,0
10,10727,0
14,17555,0
13,20039,0
12,6340,0
10,4343,0
11,3196,0
9,20900,0
12,8860,0
13,6204,0
13,8396,0
12,5642,0
3,23756,1
5,21828,1
14,3485,0
4,2846,0
9,23397,0
10,6275,0
3,12658,1
14,8093,0
10,24442,0
3,21563,1
2,17125,1
9,12385,0
4,11746,0
6,6616,0
2,17937,1
2,1886,0
11,24888,0
3,17459,1
13,8493,0
12,8534,0
9,20208,0
7,18133,0
10,13275,0
4,20343,1
5,24190,1
9,2991,0
9,1415,0
6,21756,1
6,15293,0
14,21472,0
13,13729,0
4,4089,0
14,6325,0
4,8753,0
10,7001,0
6,16519,0
7,18977,0
12,5100,0
12,15716,0
5,12752,0
10,1877,0
9,4201,0
4,18785,1
2,21414,1
8,14326,0
8,14970,0
7,3541,0
7,10411,0
2,21837,1
2,19897,1
2,21558,1
14,19665,0
13,23190,0
4,21800,1
5,4150,0
10,7696,0
11,9905,0
7,14883,0
6,11925,0
8,3768,0
8,24547,0
7,15774,0
11,23187,0
5,20237,1
6,14414,0
14,5483,0
11,15851,0
3,19817,1
3,15984,1
12,23941,0
4,3421,0
2,5452,0
12,6101,0
8,4445,0
10,14644,0
13,12689,0
9,18724,0
13,10010,0
9,20970,0
10,22409,0
8,18777,0
7,5792,0
6,7765,0
13,21306,0
11,2600,0
3,16810,1
14,23117,0
3,7193,0
7,18335,0
13,17501,0
11,13875,0
7,7383,0
7,6078,0
11,16388,0
2,1283,0
14,23790,0
13,12926,0
6,7052,0
7,18040,0
11,20110,0
6,21904,1
9,5937,0
6,16258,0
10,4316,0
8,6784,0
12,8698,0
8,11220,0
8,11124,0
11,13120,0
8,6519,0
4,3987,0
12,19959,0
12,20705,0
10,4094,0
10,24175,0
8,22210,0
3,12933,1
8,21282,0
14,12408,0
9,6294,0
8,6998,0
5,21596,1
5,10317,0
4,710,0
10,21846,0
6,20391,1
13,6735,0
6,24603,1
8,21517,0
11,10600,0
10,1902,0
5,21118,1
8,5085,0
9,6729,0
9,12417,0
4,8360,0
5,18379,1
4,9242,0
10,15498,0
12,14875,0
8,6654,0
3,21732,1
5,20637,1
3,20514,1
7,12933,0
2,15958,1
11,2875,0
2,8448,1
6,20273,1
12,4379,0
5,1806,0
4,15558,1
6,23382,1
2,6283,0
8,16417,0
3,18973,1
9,19238,0
12,2230,0
14,18756,0
9,16746,0
14,18578,0
9,6734,0
3,8319,0
4,10496,0
3,11662,1
5,19166,1
6,3289,0
9,15623,0
8,20957,0
2,9752,1
12,14381,0
5,6906,0
7,2556,0
12,23354,0
11,23202,0
3,13055,1
7,21460,0
13,21866,0
7,5185,0
6,18882,0
9,2551,0
7,22285,0
7,14889,0
3,8913,0
4,2032,0
14,21609,0
10,2917,0
3,5591,0
10,10445,0
14,4156,0
5,2633,0
11,17639,0
2,15513,1
2,20875,1
3,22854,1
4,24372,1
9,7079,0
13,19231,0
13,613,0
8,21667,0
13,391,0
9,23522,0
6,9947,0
7,6625,0
8,5092,0
8,6921,0
2,22094,1
9,22346,0
9,12862,0
10,5889,0
6,7878,0
11,15905,0
13,15701,0
12,13972,0
9,10178,0
11,17030,0
11,15431,0
14,6526,0
2,6056,0
3,655,0
9,5793,0
4,17507,1
4,8255,0
2,6807,1
2,5147,0
11,9589,0
13,5989,0
14,9603,0
13,11459,0
10,13124,0
8,5784,0
11,19063,0
9,5662,0
3,14686,1
12,901,0
12,14218,0
9,12042,0
2,2255,0
5,421,0
4,4607,0
11,6809,0
9,17349,0
8,18608,0
10,23857,0
9,6919,0
7,6154,0
2,21880,1
4,18511,1
14,11725,0
9,1724,0
8,20981,0
7,15938,0
9,11165,0
13,4754,0
3,10106,1
7,9978,0
13,7264,0
6,16455,0
14,7609,0
14,1602,0
2,14634,1
6,1988,0
4,7753,0
14,19032,0
4,18165,1
8,22492,0
13,4361,0
6,4916,0
6,17926,0
14,10687,0
7,10082,0
9,3227,0
8,13264,0
6,2465,0
4,7849,0
5,10773,0
10,327,0
6,10874,0
11,2400,0
5,6172,0
13,10790,0
14,7960,0
4,17621,1
4,23344,1
12,16805,0
7,11612,0
4,16729,1
7,20073,0
8,11925,0
4,14827,1
6,21095,1
10,13781,0
14,15610,0
6,17005,0
11,3842,0
2,7065,1
11,13179,0
3,17992,1
2,19749,1
11,20133,0
11,17146,0
5,10229,0
12,8775,0
5,21515,1
6,11088,0
6,22484,1
3,8399,0
8,12268,0
12,6789,0
11,2203,0
9,10526,0
7,1614,0
7,489,0
14,18477,0
7,8782,0
11,18971,0
11,14863,0
8,21511,0
2,24050,1
7,16108,0
13,18221,0
3,6773,0
14,14339,0
2,23492,1
13,22054,0
5,19437,1
14,14786,0
4,3736,0
10,4135,0
10,20999,0
5,3329,0
13,6260,0
13,7013,0
9,20049,0
8,16431,0
4,7594,0
3,14974,1
3,20116,1
6,20773,1
4,9129,0
6,13731,0
3,24498,1
14,2380,0
11,15563,0
8,13142,0
6,13052,0
5,5634,0
5,9700,0
10,1458,0
10,1957,0
3,12005,1
4,3563,0
10,13228,0
12,11981,0
10,1879,0
11,10226,0
5,9158,0
2,13141,1
7,8211,0
12,15193,0
2,4443,0
5,16388,1
3,960,0
2,9204,1
2,12154,1
13,24081,0
4,8478,0
12,12090,0
5,3994,0
10,21617,0
11,7199,0
6,2972,0
2,12408,1
9,20012,0
8,22382,0
3,7923,0
14,14318,0
6,15391,0
10,5855,0
10,2881,0
9,12414,0
4,4188,0
12,4305,0
5,23578,1
9,13671,0
5,21015,1
8,21726,0
8,10501,0
6,9859,0
5,23207,1
6,4917,0
9,15733,0
2,18938,1
14,23299,0
14,12303,0
13,10406,0
3,20059,1
8,19900,0
11,22923,0
13,409,0
9,13622,0
10,7755,0
5,9782,0
4,14845,1
13,8485,0
14,516,0
14,10139,0
11,16874,0
4,22778,1
8,10520,0
11,24098,0
11,22267,0
4,3782,0
2,8389,1
14,10367,0
10,11795,0
3,6428,0
2,14490,1
12,9066,0
8,15922,0
14,12528,0
8,18122,0
8,8570,0
14,17252,0
5,12103,0
9,21124,0
3,8243,0
2,16167,1
2,13160,1
5,24615,1
11,20089,0
7,4386,0
4,7152,0
6,12543,0
8,6495,0
14,16006,0
13,14297,0
12,24393,0
8,22402,0
5,22559,1
12,20127,0
10,4652,0
5,9967,0
4,5095,0
3,22820,1
12,10596,0
6,2271,0
11,6189,0
7,5733,0
6,22387,1
11,1834,0
10,22096,0
12,4853,0
5,2633,0
4,4343,0
7,20282,0
5,22002,1
6,18854,0
9,2326,0
14,5372,0
14,8571,0
8,11680,0
13,15211,0
6,7775,0
7,18909,0
4,15408,1
13,3635,0
4,10578,0
5,21505,1
10,11129,0
11,4899,0
11,24787,0
5,1149,0
2,19432,1
2,9849,1
10,9761,0
6,7749,0
11,3978,0
5,19845,1
8,24088,0
5,16265,1
13,3032,0
2,2800,0
11,14814,0
6,4851,0
2,15730,1
13,588,0
6,17050,0
11,15480,0
11,12979,0
10,20355,0
4,20134,1
14,5454,0
7,5514,0
10,6856,0
11,14597,0
9,18713,0
12,15989,0
14,16396,0
11,9972,0
5,10459,0
3,5344,0
11,10652,0
6,17669,0
3,21844,1
4,20869,1
8,1350,0
11,13623,0
9,5490,0
6,6857,0
9,23826,0
12,18348,0
11,10501,0
2,14515,1
6,20354,1
12,7334,0
12,17478,0
14,17892,0
10,15244,0
12,8278,0
6,13778,0
6,24589,1
14,19757,0
2,8215,1
11,10010,0
11,5210,0
9,5100,0
4,9510,0
2,16433,1
3,10386,1
6,18030,0
14,4216,0
9,696,0
7,10342,0
7,19416,0
6,13708,0
12,14116,0
7,14215,0
4,1816,0
14,6160,0
2,10406,1
9,7379,0
9,12403,0
8,780,0
2,24376,1
5,17054,1
14,5564,0
9,13196,0
3,1896,0
12,4125,0
8,5884,0
10,18059,0
7,19576,0
3,17758,1
10,3543,0
12,8866,0
13,3075,0
3,9945,1
8,13629,0
8,4316,0
7,2452,0
13,6437,0
12,4888,0
9,12473,0
13,5169,0
5,16458,1
2,14838,1
3,6951,0
6,16357,0
5,1580,0
6,5225,0
4,15341,1
3,14934,1
2,21492,1
8,22745,0
4,7162,0
3,24198,1
6,8956,0
14,1251,0
10,4518,0
8,23588,0
7,4098,0
2,669,0
13,13336,0
11,22330,0
11,20123,0
9,19735,0
9,22093,0
2,12593,1
12,16449,0
8,19355,0
3,3877,0
4,9974,0
9,2108,0
7,13829,0
11,8174,0
12,10828,0
12,20345,0
4,21282,1
2,17720,1
3,20410,1
11,8799,0
5,13579,0
10,8988,0
4,8723,0
11,1294,0
14,6667,0
2,18569,1
6,22044,1
10,6056,0
7,6903,0
4,17922,1
5,4151,0
5,13267,0
9,1660,0
11,2354,0
12,4533,0
3,7715,0
2,4732,0
10,18515,0
8,14637,0
14,8039,0
10,13379,0
4,23851,1
8,21999,0
4,3500,0
3,9784,1
10,20320,0
11,24181,0
2,11572,1
14,18146,0
3,23670,1
13,8018,0
5,18942,1
6,19598,1
11,13665,0
13,21037,0
8,17041,0
9,8890,0
6,4446,0
2,16559,1
11,22745,0
8,14295,0
10,21826,0
13,6945,0
12,3789,0
8,1795,0
8,8345,0
10,22500,0
10,24914,0
8,18327,0
14,7578,0
3,24059,1
8,17871,0
14,12788,0
2,5667,0
12,1968,0
2,12629,1
7,5548,0
13,18932,0
14,16949,0
14,2341,0
2,6867,1
10,7235,0
6,7736,0
6,3501,0
3,2106,0
6,10089,0
13,22129,0
13,18660,0
8,981,0
7,24982,1
10,18774,0
12,1478,0
14,17478,0
5,14978,0
10,9421,0
3,19015,1
12,5955,0
7,3577,0
11,7961,0
4,22286,1
8,7170,0
14,5602,0
5,4038,0
4,15271,1
13,24127,0
9,6623,0
7,3193,0
2,12200,1
8,18930,0
9,23848,0
5,8678,0
2,5369,0
12,20237,0
14,8043,0
9,3682,0
3,7348,0
11,4602,0
9,24310,0
11,21751,0
8,1104,0
2,11329,1
9,20495,0
14,12922,0
3,6189,0
7,11940,0
10,8039,0
8,19514,0
12,20043,0
12,15105,0
5,8938,0
11,12816,0
9,1189,0
5,15730,0
2,13222,1
7,3447,0
14,13735,0
12,13735,0
12,1011,0
14,17794,0
6,10463,0
9,7845,0
4,1521,0
11,21224,0
6,17337,0
12,22468,0
7,8256,0
14,22658,0
12,2871,0
3,15116,1
13,11899,0
8,10204,0
14,14382,0
8,13541,0
9,5179,0
4,8238,0
10,21572,0
10,9913,0
13,11066,0
3,7521,0
8,20010,0
3,15056,1
9,20062,0
13,849,0
14,18606,0
13,5424,0
4,11109,0
3,11729,1
2,7735,1
7,10254,0
10,878,0
12,2532,0
5,22920,1
10,21317,0
5,19025,1
5,7803,0
10,24117,0
11,12094,0
12,16231,0
10,16323,0
12,13488,0
13,13091,0
14,16728,0
6,21853,1
11,21175,0
6,15381,0
2,16228,1
13,24625,0
13,7381,0
11,6167,0
7,3812,0
9,11834,0
2,22538,1
6,7721,0
3,19150,1
13,10949,0
11,6429,0
10,13480,0
2,18784,1
10,6607,0
12,14245,0
6,17082,0
3,11205,1
6,15723,0
4,1343,0
12,18454,0
7,3322,0
7,5240,0
8,24251,0
5,2541,0
5,19069,1
11,3986,0
4,7486,0
7,10577,0
14,24761,0
4,10250,0
2,11626,1
11,9944,0
4,21400,1
13,6203,0
14,3021,0
6,17580,0
14,15165,0
3,24267,1
9,5162,0
3,10225,1
3,21349,1
6,12318,0
11,14970,0
8,23493,0
6,13679,0
6,3041,0
6,7078,0
7,10840,0
9,8142,0
12,1323,0
3,2477,0
11,4032,0
5,2671,0
13,13126,0
2,8930,1
7,16641,0
3,11179,1
5,10278,0
13,3448,0
3,7890,0
6,2663,0
12,18871,0
13,6590,0
11,3201,0
11,14918,0
3,23171,1
13,17307,0
14,23678,0
8,17134,0
3,10182,1
3,19166,1
10,21331,0
3,2531,0
4,6858,0
6,13514,0
12,8300,0
12,24161,0
11,22425,0
8,5123,0
10,13189,0
7,21005,0
14,20634,0
7,2039,0
3,11362,1
2,11001,1
7,11845,0
2,9128,1
6,6958,0
12,606,0
9,1488,0
14,23312,0
13,17092,0
13,4188,0
9,18255,0
7,9577,0
10,23340,0
3,16193,1
12,16123,0
13,7665,0
13,24927,0
13,15672,0
11,3036,0
14,21904,0
11,9389,0
14,5189,0
3,23812,1
6,1021,0
6,9725,0
12,20214,0
10,14895,0
6,23880,1
5,12397,0
10,6247,0
10,22556,0
6,15619,0
9,22705,0
3,10903,1
11,21661,0
13,10579,0
8,19959,0
9,12636,0
4,7889,0
12,21511,0
4,17155,1
9,24976,0
10,18342,0
8,18187,0
6,20939,1
6,3713,0
14,6997,0
8,22576,0
12,5364,0
13,1878,0
10,11960,0
7,13116,0
2,1806,0
11,7037,0
4,413,0
13,15597,0
11,7173,0
5,8762,0
4,6500,0
5,5335,0
2,17531,1
8,11823,0
4,410,0
9,14053,0
10,3099,0
3,9105,0
13,21557,0
6,14106,0
9,2292,0
12,19231,0
9,6074,0
5,19741,1
6,1945,0
5,20381,1
9,22397,0
7,20867,0
3,20547,1
14,24097,0
13,15322,0
2,8644,1
6,11358,0
8,11488,0
5,17579,1
3,7851,0
6,23873,1
11,15737,0
12,14771,0
8,24967,0
2,14077,1
2,20853,1
4,15434,1
4,8542,0
12,20427,0
7,4969,0
14,22765,0
7,20782,0
10,11686,0
3,8535,0
11,24206,0
3,5895,0
5,22849,1
14,4709,0
10,4293,0
5,10419,0
9,5027,0
12,23683,0
9,15579,0
8,1911,0
11,14251,0
5,24802,1
12,1408,0
7,21769,0
4,15424,1
2,23876,1
5,23547,1
5,15858,0
13,2009,0
9,24991,0
7,1488,0
7,1483,0
2,6297,0
10,4494,0
8,11181,0
3,13436,1
2,10735,1
4,14782,1
14,6328,0
4,18050,1
4,14850,1
13,9443,0
4,7181,0
3,19293,1
13,15928,0
7,6069,0
4,3627,0
5,24696,1
6,17024,0
10,15715,0
4,6433,0
5,21441,1
9,11304,0
11,16094,0
4,20855,1
11,1689,0
5,22271,1
3,6811,0
3,21144,1
11,23110,0
3,8090,0
6,5682,0
12,18913,0
12,2678,0
12,5891,0
2,8956,1
11,15376,0
12,12405,0
2,17863,1
14,5404,0
11,6165,0
3,13768,1
2,6889,1
2,1857,0
9,2110,0
10,23841,0
8,13143,0
13,7300,0
10,23356,0
12,5480,0
8,17236,0
11,23920,0
13,7559,0
7,10546,0
9,19444,0
9,20562,0
8,3921,0
3,20121,1
2,6595,1
3,5242,0
11,12454,0
7,21612,0
12,1317,0
8,14700,0
11,21637,0
3,6281,0
9,12657,0
4,5355,0
11,889,0
2,15150,1
12,19489,0
5,2499,0
5,23754,1
14,5965,0
4,9540,0
9,2996,0
11,1232,0
11,8988,0
9,15181,0
8,12558,0
12,5684,0
10,2098,0
14,10196,0
3,11234,1
13,5171,0
12,13548,0
10,23482,0
10,3380,0
12,6272,0
13,20746,0
7,15013,0
13,12018,0
13,18629,0
10,3725,0
10,1705,0
4,6485,0
2,960,0
9,6006,0
8,22650,0
12,18707,0
9,10483,0
2,2253,0
7,5604,0
13,10054,0
14,22344,0
9,12762,0
6,5674,0
2,20530,1
11,16464,0
10,20588,0
11,13183,0
13,12279,0
5,1980,0
12,4044,0
8,8213,0
3,8669,0
12,10367,0
5,12292,0
13,1023,0
12,2728,0
13,15985,0
13,21863,0
6,4664,0
7,7880,0
11,16807,0
14,13405,0
13,19028,0
11,4348,0
4,17245,1
7,9933,0
9,12615,0
14,4399,0
6,15062,0
11,18783,0
8,1423,0
5,6884,0
8,16694,0
5,17275,1
4,15572,1
3,19347,1
12,12871,0
2,18755,1
5,10155,0
13,11918,0
4,24731,1
8,22986,0
13,965,0
13,24066,0
3,9558,0
7,12305,0
3,9525,0
5,17403,1
4,22139,1
3,5647,0
11,12143,0
6,22515,1
8,24114,0
11,1822,0
8,21273,0
3,11942,1
6,1929,0
7,10501,0
14,3211,0
8,22420,0
14,24478,0
6,24334,1
12,12577,0
14,16833,0
11,24571,0
7,24285,1
5,16869,1
8,20333,0
4,9460,0
9,11652,0
12,7245,0
5,21159,1
13,20386,0
8,10160,0
10,12908,0
12,1460,0
9,19949,0
12,1015,0
6,1515,0
9,20381,0
4,24421,1
11,13460,0
8,21953,0
9,9754,0
13,8549,0
11,16698,0
4,19570,1
12,3715,0
4,633,0
7,7154,0
10,4179,0
6,16232,0
3,3721,0
9,13627,0
4,13807,1
5,2074,0
2,8489,1
3,20925,1
9,1757,0
7,16076,0
10,2440,0
5,20045,1
2,8654,1
2,19691,1
10,18795,0
2,16946,1
6,14416,0
5,23818,1
13,5382,0
3,6625,0
4,4249,0
8,20953,0
6,6192,0
3,9276,0
5,1745,0
2,15021,1
14,13344,0
5,17277,1
5,22186,1
3,3800,0
11,4967,0
11,22034,0
14,12920,0
5,1567,0
5,4532,0
6,11290,0
7,12383,0
5,14728,0
5,943,0
5,4783,0
9,15324,0
11,9156,0
12,12782,0
13,12722,0
7,2425,0
3,20142,1
8,8056,0
14,1295,0
2,23619,1
2,10425,1
6,10638,0
3,12320,1
14,22872,0
8,14734,0
14,6456,0
12,5995,0
4,18523,1
12,19417,0
2,23162,1
5,20288,1
5,22195,1
9,18192,0
13,3725,0
9,22811,0
2,5311,0
8,21904,0
13,14400,0
6,5797,0
3,9503,0
6,19842,1
7,5181,0
5,7932,0
3,9026,0
3,23872,1
2,14172,1
14,12628,0
5,18064,1
5,18993,1
14,15829,0
3,8397,0
6,15022,0
2,1167,0
10,8563,0
13,8960,0
10,2209,0
9,859,0
6,24308,1
12,6272,0
14,4509,0
3,9281,0
14,12319,0
12,5816,0
11,22716,0
11,9751,0
9,15276,0
10,14746,0
7,2484,0
10,3027,0
9,20244,0
11,8814,0
12,9163,0
11,19847,0
14,23263,0
8,16944,0
2,23840,1
11,18374,0
13,8687,0
8,3446,0
4,6420,0
2,17227,1
12,14445,0
14,21945,0
13,3720,0
3,2041,0
14,3033,0
3,19127,1
2,7432,1
14,7499,0
10,11086,0
8,6219,0
9,2157,0
10,16387,0
11,16953,0
12,24708,0
10,13455,0
3,14524,1
12,22216,0
8,8968,0
7,1531,0
9,20554,0
8,10320,0
6,3865,0
8,19227,0
5,10619,0
2,23400,1
13,2540,0
13,8144,0
3,23222,1
5,17438,1
9,1415,0
8,22113,0
6,10491,0
9,20318,0
7,5999,0
2,20441,1
7,5326,0
5,22746,1
13,4872,0
2,14197,1
8,15955,0
11,17472,0
2,15956,1
8,5446,0
10,19479,0
6,17645,0
14,8615,0
3,17815,1
3,24322,1
6,20499,1
7,19829,0
7,10678,0
14,23920,0
13,13839,0
13,19552,0
4,2916,0
11,17548,0
14,1698,0
8,13863,0
10,8588,0
6,668,0
12,11125,0
4,17210,1
11,12524,0
3,21695,1
6,860,0
11,11868,0
11,16781,0
6,2630,0
7,24179,1
12,5294,0
7,19983,0
3,6252,0
3,15089,1
10,7233,0
14,14400,0
12,12880,0
2,8735,1
4,13112,1
14,4967,0
4,23553,1
4,12853,1
6,6288,0
5,3116,0
11,22279,0
10,7514,0
2,24740,1
14,20904,0
6,3386,0
3,12359,1
3,8424,0
8,1842,0
8,23108,0
7,20228,0
7,12020,0
2,21046,1
13,4433,0
2,17361,1
8,8548,0
11,1186,0
6,20750,1
11,22539,0
14,9011,0
13,19692,0
4,11174,0
5,2084,0
6,5056,0
9,1581,0
9,23052,0
2,18395,1
2,12971,1
3,12963,1
8,4858,0
9,10789,0
8,6462,0
10,7211,0
12,18244,0
11,16132,0
8,18385,0
2,21875,1
3,6508,0
8,12537,0
6,6778,0
9,22044,0
3,1620,0
3,8603,0
4,20535,1
12,19828,0
6,19630,1
2,9840,1
4,13593,1
11,22048,0
5,4278,0
10,4227,0
6,6889,0
14,10468,0
13,5778,0
8,11518,0
4,24648,1
11,3865,0
3,13172,1
9,24883,0
2,16751,1
8,20369,0
6,23988,1
10,1700,0
11,4816,0
10,20786,0
3,6780,0
12,18059,0
7,14920,0
14,15335,0
3,24509,1
6,24537,1
14,6858,0
11,10728,0
4,10876,0
2,6926,1
7,12968,0
13,15301,0
3,1676,0
7,16548,0
2,9563,1
6,2826,0
10,22748,0
9,24032,0
12,9401,0
5,3205,0
9,18386,0
9,20206,0
9,15753,0
13,22466,0
8,14133,0
2,12682,1
13,11330,0
9,10905,0
11,1392,0
7,12290,0
4,9658,0
2,8222,1
2,14809,1
10,19462,0
14,1300,0
2,8513,1
12,3867,0
9,4339,0
2,2613,0
4,12033,0
4,3537,0
6,24567,1
8,6508,0
5,11899,0
10,12869,0
10,12501,0
8,15227,0
14,7231,0
8,10910,0
8,17644,0
4,10648,0
5,8246,0
14,4567,0
11,23893,0
13,17404,0
3,7041,0
3,1759,0
6,5293,0
6,3340,0
9,5922,0
14,23364,0
2,24836,1
2,13706,1
2,15763,1
7,12833,0
8,14670,0
13,19581,0
7,13907,0
12,8037,0
9,6945,0
6,10288,0
13,20484,0
10,10764,0
6,23748,1
6,6545,0
7,6937,0
6,6370,0
8,5509,0
14,22675,0
6,12489,0
2,16326,1
2,24438,1
6,3136,0
12,9859,0
13,17373,0
12,9704,0
14,6916,0
11,2002,0
12,5882,0
9,18561,0
9,22088,0
8,20909,0
14,17889,0
8,995,0
5,20960,1
8,6565,0
12,8749,0
10,19112,0
13,13246,0
2,13836,1
3,10103,1
3,7292,0
8,13489,0
8,16080,0
13,14202,0
2,14222,1
8,5018,0
10,4332,0
3,14769,1
5,3721,0
10,2946,0
7,12428,0
12,13245,0
6,13028,0
8,16138,0
4,5317,0
9,19349,0
6,4650,0
2,19978,1
5,10911,0
13,22969,0
2,6895,1
10,6388,0
13,15080,0
7,21609,0
5,677,0
11,456,0
9,20624,0
7,5210,0
4,4874,0
14,13565,0
14,6110,0
9,2451,0
14,7131,0
3,11296,1
6,16525,0
10,6114,0
12,17310,0
3,18657,1
14,18037,0
12,14302,0
14,8939,0
10,19447,0
9,16192,0
9,10954,0
14,21789,0
5,12026,0
10,15180,0
8,16224,0
13,24297,0
3,17344,1
2,7024,1
14,23789,0
11,10231,0
9,23392,0
5,2807,0
3,3019,0
5,13838,0
13,24002,0
13,5652,0
9,7441,0
2,14598,1
11,1740,0
7,15875,0
4,9981,0
4,5402,0
2,12050,1
10,20637,0
14,2662,0
14,8821,0
5,17068,1
11,10235,0
13,14805,0
4,4806,0
10,15725,0
9,19386,0
3,12147,1
6,24490,1
11,23634,0
14,7834,0
9,17548,0
12,6262,0
9,5636,0
13,2205,0
10,1082,0
6,15947,0
5,5043,0
3,15195,1
9,1579,0
10,16392,0
4,22224,1
14,6221,0
6,11762,0
6,3830,0
7,8361,0
6,15154,0
8,8644,0
8,17427,0
3,461,0
9,15605,0
7,16039,0
3,4315,0
12,23856,0
12,21757,0
9,5485,0
14,10509,0
6,20748,1
7,10137,0
5,13135,0
13,372,0
4,9639,0
2,2535,0
12,14864,0
2,354,0
2,3255,0
12,22238,0
6,20348,1
4,8767,0
8,952,0
6,16707,0
11,3970,0
2,18795,1
8,23070,0
14,2827,0
14,19860,0
6,22280,1
2,16433,1
8,3423,0
6,5813,0
2,6055,0
11,8296,0
13,16852,0
6,14142,0
3,16516,1
3,21547,1
13,2800,0
5,17044,1
9,8835,0
8,10148,0
5,24900,1
3,9914,1
2,24294,1
12,20314,0
3,20825,1
14,14975,0
14,6211,0
10,15340,0
12,16767,0
2,6590,1
8,7516,0
8,9780,0
9,2889,0
4,18299,1
9,20763,0
13,10407,0
7,5923,0
14,19223,0
2,10497,1
5,12722,0
11,9816,0
3,10348,1
4,6482,0
4,18071,1
3,9866,1
12,3463,0
6,10233,0
8,13156,0
9,6019,0
14,22072,0
11,11098,0
3,8976,0
12,4507,0
9,1528,0
2,7598,1
4,11610,0
14,5269,0
12,2458,0
4,23041,1
2,9223,1
13,24851,0
8,21277,0
11,3485,0
8,15484,0
12,8172,0
3,18711,1
5,2204,0
4,1685,0
8,15914,0
10,13732,0
11,16015,0
8,22967,0
3,6023,0
5,6045,0
8,21985,0
2,15137,1
7,18034,0
10,5271,0
12,3625,0
4,15359,1
4,7514,0
11,12292,0
10,18385,0
13,1726,0
3,9353,0
5,11679,0
7,8344,0
8,22584,0
2,19581,1
12,11691,0
7,18192,0
9,12646,0
5,7819,0
12,11233,0
14,13239,0
2,24305,1
10,9371,0
6,23455,1
11,10311,0
14,1456,0
14,22624,0
13,4954,0
14,5527,0
5,13983,0
7,481,0
7,6759,0
13,5683,0
8,12630,0
9,13829,0
2,4405,0
11,11766,0
11,16565,0
14,21625,0
7,12861,0
10,12455,0
5,18654,1
14,5812,0
9,21815,0
5,7320,0
11,20923,0
9,14753,0
9,1970,0
8,17497,0
6,18771,0
13,6228,0
8,21293,0
5,23581,1
4,13725,1
5,20462,1
5,12280,0
3,5783,0
2,5449,0
5,20816,1
5,14716,0
12,18851,0
13,13200,0
9,13753,0
9,12906,0
9,1849,0
13,16499,0
5,13000,0
3,2426,0
5,12025,0
11,6112,0
2,3622,0
4,22064,1
13,10796,0
8,16408,0
4,15560,1
6,8594,0
14,8974,0
6,6005,0
13,1092,0
2,19744,1
6,10536,0
8,5000,0
2,549,0
10,15246,0
4,12077,0
6,1785,0
13,16745,0
14,7305,0
2,19933,1
2,13106,1
14,2497,0
10,7860,0
2,21341,1
5,990,0
12,20592,0
10,7301,0
10,22186,0
6,12701,0
7,11959,0
14,17192,0
14,3405,0
9,22995,0
9,534,0
11,6230,0
2,8809,1
8,13140,0
3,12049,1
4,7390,0
13,20476,0
10,968,0
3,12139,1
9,17096,0
11,1539,0
12,23873,0
11,20514,0
6,7027,0
6,19996,1
8,1745,0
9,15730,0
2,19486,1
3,4176,0
5,17403,1
5,7003,0
13,23084,0
6,3328,0
5,16136,1
13,23238,0
6,1011,0
3,23392,1
9,10580,0
5,20824,1
2,15228,1
6,7399,0
2,24315,1
8,13970,0
13,2966,0
13,11257,0
9,22515,0
13,6802,0
5,22834,1
13,8884,0
14,24979,0
14,17232,0
11,1181,0
9,15432,0
4,21978,1
8,19089,0
13,18599,0
8,18514,0
5,8902,0
9,18550,0
14,8731,0
2,402,0
4,3076,0
3,14257,1
12,22172,0
7,11796,0
11,14243,0
2,15621,1
6,15346,0
4,20524,1
10,11884,0
9,21592,0
2,7135,1
10,13174,0
5,13245,0
9,9937,0
7,15625,0
12,9540,0
10,3715,0
2,16391,1
13,9260,0
8,10982,0
6,24820,1
6,850,0
12,12270,0
9,6441,0
6,9600,0
8,1874,0
5,3815,0
14,11462,0
14,3673,0
5,18788,1
10,2531,0
12,5677,0
6,1065,0
12,19266,0
9,17404,0
12,13392,0
10,16064,0
7,4754,0
2,18130,1
9,16134,0
8,9726,0
12,17415,0
5,9559,0
10,2258,0
12,8201,0
7,13834,0
2,11913,1
9,9162,0
10,24309,0
12,7876,0
6,8184,0
6,21140,1
3,20142,1
9,1694,0
13,2567,0
3,3031,0
8,14989,0
6,24749,1
8,9150,0
2,12894,1
6,17622,0
11,3251,0
2,10873,1
7,11796,0
4,15250,1
6,1986,0
8,21981,0
10,22209,0
8,2796,0
4,5437,0
4,18821,1
3,9985,1
5,13373,0
12,24164,0
11,1716,0
12,2818,0
2,7924,1
3,18797,1
7,13514,0
4,14598,1
8,4356,0
8,1802,0
14,11137,0
11,12673,0
9,22494,0
11,4490,0
2,18479,1
14,7432,0
12,21455,0
6,6893,0
5,12666,0
6,624,0
6,2393,0
11,10658,0
5,13952,0
6,22972,1
8,22177,0
12,6416,0
8,4493,0
4,15493,1
13,17088,0
4,23820,1
14,15547,0
8,9519,0
2,10552,1
2,1379,0
6,1546,0
10,24748,0
3,5291,0
2,24421,1
5,1897,0
14,1172,0
9,8238,0
4,1271,0
11,2399,0
9,6596,0
12,17647,0
13,4008,0
11,11490,0
12,13463,0
6,20786,1
11,7550,0
12,21939,0
5,23347,1
8,9306,0
5,9378,0
9,14075,0
3,10794,1
11,3747,0
14,12822,0
8,3035,0
5,2655,0
7,9283,0
12,4088,0
8,23584,0
11,10232,0
6,6783,0
11,12533,0
10,1792,0
14,17202,0
10,5486,0
8,13589,0
5,6430,0
8,23600,0
2,15124,1
3,15275,1
4,13823,1
7,6352,0
4,8613,0
8,18829,0
13,14611,0
8,7518,0
13,14299,0
5,21325,1
11,2319,0
11,23998,0
12,14612,0
8,6277,0
13,2877,0
2,3548,0
5,16167,1
3,23817,1
7,17096,0
6,22887,1
14,19703,0
14,19974,0
7,3539,0
7,17930,0
13,13632,0
4,11615,0
3,9880,1
7,7583,0
4,703,0
5,6497,0
9,14560,0
3,3721,0
14,6059,0
11,3120,0
10,7328,0
12,13299,0
13,4624,0
10,16663,0
13,7954,0
2,24167,1
9,12306,0
5,24596,1
3,5015,0
9,19633,0
7,12043,0
13,21362,0
3,20595,1
10,6501,0
2,5799,0
8,14822,0
12,16495,0
14,7690,0
6,2059,0
10,9347,0
12,18548,0
10,18862,0
5,7357,0
8,2101,0
7,12439,0
9,4517,0
6,21654,1
3,16852,1
11,24027,0
7,23067,1
12,18236,0
4,22562,1
5,20685,1
10,12675,0
12,4425,0
2,19179,1
7,14460,0
9,9031,0
9,8596,0
3,10166,1
3,21777,1
7,15720,0
4,15288,1
14,15871,0
8,15248,0
13,24317,0
6,22428,1
14,7919,0
14,20906,0
13,21654,0
4,7878,0
12,23106,0
8,20144,0
2,1565,0
9,23758,0
10,20962,0
7,20708,0
13,712,0
5,20107,1
11,13974,0
4,4156,0
12,18794,0
12,24488,0
8,22304,0
3,2694,0
2,8531,1
5,19201,1
5,16820,1
3,12803,1
12,22208,0
11,2298,0
3,8522,0
6,2975,0
12,13455,0
4,18339,1
8,2729,0
14,2962,0
10,5046,0
3,19792,1
10,21548,0
7,18898,0
6,16294,0
7,20350,0
11,2374,0
7,19175,0
9,7209,0
7,18315,0
2,18172,1
11,5611,0
14,12713,0
9,13071,0
14,10723,0
7,18739,0
3,9283,0
9,14452,0
8,4289,0
4,20583,1
6,4374,0
13,1878,0
4,24156,1
12,7139,0
5,9882,0
6,23180,1
7,1213,0
3,6358,0
9,20629,0
5,3361,0
10,11730,0
8,20203,0
14,18536,0
12,4391,0
6,24228,1
4,24196,1
5,414,0
3,18185,1
12,14309,0
11,19106,0
8,10094,0
4,8157,0
2,14230,1
12,12648,0
7,17137,0
9,10372,0
5,11889,0
11,19617,0
5,19529,1
14,23341,0
3,3904,0
4,7880,0
2,22846,1
14,7498,0
6,21582,1
4,9357,0
7,1711,0
6,20071,1
11,7127,0
3,18738,1
2,8904,1
13,11359,0
11,4584,0
10,16833,0
14,11259,0
4,2605,0
13,952,0
11,22388,0
3,24890,1
8,510,0
8,24374,0
9,723,0
9,1190,0
14,579,0
12,2469,0
8,19646,0
7,11126,0
9,11376,0
9,19593,0
3,7067,0
11,17764,0
8,24198,0
5,22236,1
12,17661,0
14,11108,0
5,24944,1
2,21763,1
11,15211,0
2,3374,0
7,16309,0
4,24149,1
14,675,0
9,1476,0
13,12239,0
10,2385,0
9,12450,0
8,21902,0
2,7997,1
11,21912,0
11,15102,0
8,20893,0
7,14337,0
4,5868,0
4,18241,1
6,24943,1
9,1143,0
6,7971,0
3,6681,0
14,4182,0
3,24200,1
4,6723,0
10,23840,0
10,21512,0
4,7884,0
12,16121,0
9,12882,0
7,4847,0
13,3077,0
12,14932,0
10,13093,0
14,22194,0
2,5288,0
14,8890,0
4,9776,0
7,10751,0
7,13277,0
12,9197,0
6,818,0
2,3468,0
7,1051,0
12,17125,0
7,17740,0
10,10512,0
7,20582,0
7,10545,0
13,7769,0
4,8373,0
2,16385,1
8,9017,0
14,19800,0
4,5581,0
7,6490,0
8,19046,0
8,17398,0
3,9251,0
8,19910,0
3,2516,0
2,2235,0
14,23720,0
6,5083,0
4,17183,1
8,7689,0
13,4530,0
5,18848,1
4,6068,0
13,21406,0
12,8439,0
6,19414,1
13,16178,0
11,10156,0
13,15574,0
7,19055,0
4,415,0
10,6330,0
12,16692,0
7,18898,0
14,20711,0
6,8339,0
10,18881,0
4,432,0
13,3982,0
7,6399,0
12,1698,0
10,13271,0
7,22823,1
14,7382,0
11,7680,0
10,24142,0
8,23554,0
13,20908,0
12,1742,0
3,6134,0
2,21091,1
5,19907,1
14,8583,0
12,16914,0
14,15409,0
10,7892,0
13,11250,0
5,12286,0
13,4401,0
5,24340,1
9,3864,0
4,21843,1
8,19853,0
6,2689,0
5,11766,0
2,11732,1
5,16770,1
3,15377,1
12,16902,0
6,10864,0
5,24958,1
9,3076,0
13,7552,0
7,23549,1
11,11393,0
4,1709,0
9,16332,0
8,11482,0
6,19657,1
4,8177,0
14,1299,0
12,1774,0
4,7378,0
4,24695,1
11,23351,0
2,13222,1
6,20468,1
6,8524,0
7,1982,0
9,7146,0
7,1545,0
14,20790,0
6,1438,0
2,5717,0
11,3373,0
8,4131,0
5,22980,1
12,5161,0
10,17700,0
3,19910,1
2,7649,1
12,18939,0
12,20749,0
11,11474,0
4,17260,1
5,5100,0
5,3643,0
12,11708,0
7,9108,0
4,2189,0
8,8323,0
9,10927,0
11,2776,0
10,14049,0
13,8795,0
4,10684,0
5,8708,0
13,10316,0
13,8580,0
8,6282,0
12,15992,0
14,9499,0
12,9189,0
11,8759,0
12,12710,0
10,11213,0
11,14631,0
5,2752,0
2,20823,1
10,14421,0
3,13807,1
7,9751,0
11,20825,0
12,23367,0
2,3160,0
11,23153,0
9,16065,0
5,7984,0
13,13960,0
2,10979,1
4,8092,0
2,9729,1
8,8269,0
9,13163,0
5,19593,1
9,8479,0
13,7346,0
11,7579,0
8,11091,0
4,19015,1
6,2244,0
11,23441,0
3,14273,1
4,6692,0
10,10601,0
8,19534,0
8,17294,0
12,18196,0
8,5398,0
10,16676,0
5,6568,0
6,13803,0
12,5152,0
2,24995,1
11,7952,0
12,21435,0
7,13019,0
3,13418,1
14,24234,0
3,2036,0
14,12572,0
8,9065,0
2,16634,1
13,11330,0
14,20613,0
14,7074,0
4,1085,0
4,14593,1
13,3180,0
10,16204,0
4,20386,1
7,2040,0
11,24834,0
12,20986,0
6,2290,0
7,20429,0
14,24906,0
10,19278,0
4,22048,1
10,14966,0
9,23960,0
5,17355,1
3,17083,1
4,5168,0
12,6834,0
5,7553,0
12,17810,0
11,15015,0
8,20673,0
4,14939,1
2,8055,1
11,7047,0
4,12243,0
6,17455,0
8,5971,0
13,14603,0
11,14986,0
14,13603,0
2,3669,0
6,22626,1
13,6959,0
6,1804,0
8,14484,0
10,19689,0
11,5606,0
2,6087,0
13,10886,0
5,3369,0
13,3918,0
4,4922,0
4,13481,1
14,10926,0
13,24291,0
7,20319,0
2,17713,1
14,23282,0
11,22451,0
14,14488,0
9,10628,0
14,6449,0
14,20038,0
6,18753,0
10,2153,0
4,13313,1
10,18707,0
13,18610,0
13,3835,0
2,18867,1
11,9201,0
5,3874,0
5,9952,0
4,6757,0
13,7992,0
6,19762,1
6,5397,0
11,13696,0
10,2482,0
4,7431,0
5,19788,1
3,8142,0
13,8268,0
3,5062,0
3,5951,0
12,21982,0
9,10007,0
8,15105,0
5,15324,0
8,14059,0
7,8657,0
14,21349,0
4,10839,0
4,3737,0
8,3910,0
11,21162,0
5,13739,0
11,4839,0
13,11033,0
4,4305,0
13,17138,0
2,550,0
2,7722,1
4,13071,1
7,24425,1
10,15270,0
9,23714,0
11,12576,0
4,528,0
3,21290,1
5,2136,0
3,8679,0
14,16010,0
2,4293,0
9,13645,0
11,1213,0
12,3485,0
3,20078,1
11,15932,0
3,20852,1
8,8737,0
11,23205,0
7,5886,0
4,22318,1
13,17927,0
7,12547,0
13,15518,0
4,6113,0
4,14845,1
3,15735,1
4,23271,1
2,16389,1
12,15084,0
7,4119,0
13,17282,0
4,6082,0
8,2624,0
12,12662,0
7,14065,0
13,1343,0
3,3538,0
11,14303,0
14,2101,0
14,2879,0
2,11397,1
2,12340,1
3,8520,0
12,14272,0
8,12021,0
5,1317,0
9,4550,0
4,13485,1
13,6285,0
12,12130,0
7,21802,0
5,368,0
13,17037,0
10,3266,0
3,6132,0
4,1075,0
14,3001,0
5,22919,1
12,21356,0
8,3002,0
10,619,0
12,10222,0
4,18030,1
13,11427,0
8,869,0
2,5815,0
14,21903,0
3,15964,1
8,9332,0
7,6834,0
13,19096,0
11,9642,0
8,6114,0
10,2176,0
11,3400,0
4,4893,0
14,3370,0
4,9923,0
7,18435,0
5,2958,0
8,16914,0
3,1864,0
11,10800,0
14,15652,0
11,10815,0
12,24956,0
2,9609,1
5,9945,0
2,14722,1
4,15617,1
6,12431,0
10,11425,0
4,11052,0
8,20455,0
12,7462,0
14,7600,0
6,7427,0
3,1004,0
4,2183,0
7,20247,0
14,3894,0
4,10789,0
4,4283,0
7,23324,1
11,14284,0
14,9759,0
13,7443,0
9,10772,0
14,7708,0
3,5145,0
5,12679,0
4,13015,1
2,2598,0
3,20524,1
3,2101,0
8,19546,0
4,20131,1
14,9144,0
5,7818,0
4,3502,0
6,9607,0
10,5168,0
9,2260,0
5,23582,1
11,3485,0
4,24677,1
4,10381,0
5,19573,1
5,3569,0
6,12467,0
6,14091,0
4,11717,0
13,16342,0
12,20943,0
2,19370,1
4,18701,1
13,8804,0
5,9884,0
13,22909,0
14,9125,0
6,2340,0
3,17903,1
2,13023,1
11,19167,0
12,4192,0
8,6076,0
7,19055,0
7,5060,0
4,24280,1
4,1766,0
4,22286,1
12,8991,0
14,6728,0
10,16564,0
12,9678,0
10,808,0
5,16150,1
9,20044,0
12,16666,0
8,5057,0
6,21024,1
5,16099,1
14,24989,0
4,23375,1
14,9574,0
8,10555,0
10,12373,0
4,6551,0
7,19974,0
3,12586,1
2,20821,1
12,14867,0
10,6144,0
2,5873,0
6,1577,0
10,16000,0
9,21329,0
2,12974,1
10,1160,0
11,21405,0
7,15465,0
6,11704,0
8,23794,0
13,2544,0
8,18494,0
2,23550,1
13,11914,0
12,2152,0
9,4323,0
13,4416,0
11,5438,0
12,9953,0
11,22050,0
11,13700,0
13,21550,0
3,18144,1
3,15176,1
4,18115,1
5,20197,1
13,22736,0
6,10834,0
10,14041,0
6,13935,0
14,22492,0
7,22544,1
10,4212,0
4,9487,0
3,20511,1
7,23754,1
8,20135,0
2,9823,1
3,11734,1
9,14618,0
13,11642,0
2,10663,1
5,8702,0
4,10120,0
2,10012,1
7,8268,0
12,14494,0
4,3365,0
2,24556,1
4,11046,0
4,5767,0
10,9729,0
8,5021,0
2,7702,1
9,7225,0
13,20160,0
13,20391,0
14,21680,0
7,12986,0
2,18777,1
6,22810,1
4,1706,0
8,17512,0
13,4678,0
8,17669,0
6,17300,0
8,17072,0
11,1793,0
4,14207,1
8,1128,0
10,14151,0
8,21339,0
11,12436,0
5,7510,0
12,1543,0
8,8258,0
12,13041,0
10,13966,0
5,18059,1
8,3029,0
10,7535,0
7,24832,1
14,17397,0
5,24178,1
14,14992,0
9,10174,0
9,24961,0
10,24134,0
12,9280,0
9,13163,0
9,12489,0
2,15225,1
4,15391,1
2,4439,0
12,7165,0
5,14624,0
12,19264,0
2,18803,1
14,20016,0
7,19304,0
4,4183,0
7,22707,1
10,780,0
3,3154,0
5,6693,0
13,8454,0
12,2006,0
13,10730,0
6,17105,0
12,22610,0
9,3316,0
2,2521,0
13,2096,0
6,22399,1
7,3636,0
14,3385,0
3,4240,0
7,22194,0
10,17339,0
9,4034,0
6,22940,1
8,1406,0
11,7230,0
4,2567,0
7,11334,0
2,24995,1
11,14145,0
2,9837,1
6,18477,0
8,5835,0
12,9432,0
3,1442,0
4,10305,0
12,9314,0
5,10935,0
14,15101,0
2,18759,1
7,1179,0
8,20786,0
14,11634,0
11,8655,0
10,19457,0
10,695,0
6,19169,0
13,3116,0
7,13016,0
6,15495,0
11,16161,0
3,24316,1
10,1342,0
2,16414,1
3,5460,0
2,10080,1
13,4556,0
12,17635,0
10,19323,0
4,17489,1
9,8641,0
2,18159,1
2,19170,1
6,13560,0
9,886,0
11,11404,0
4,1510,0
13,12855,0
12,13970,0
7,14283,0
10,19050,0
4,19825,1
14,2708,0
5,6668,0
3,14616,1
5,20722,1
7,20847,0
11,10543,0
10,6762,0
14,12951,0
7,750,0
14,4226,0
3,23246,1
12,1201,0
11,22418,0
12,1299,0
13,3974,0
13,12932,0
12,6929,0
9,7682,0
6,15405,0
8,2448,0
9,12081,0
12,24252,0
6,8681,0
14,18121,0
11,8858,0
3,1990,0
2,11082,1
2,12799,1
5,19000,1
3,11259,1
10,1637,0
8,11420,0
9,9554,0
5,15472,0
11,3630,0
2,3277,0
2,6780,1
14,20077,0
14,11486,0
3,24989,1
14,7347,0
8,5859,0
2,9066,1
14,17316,0
13,9706,0
5,12912,0
4,9244,0
9,21415,0
5,2716,0
14,8399,0
7,24535,1
10,21586,0
9,11885,0
14,7333,0
13,18730,0
11,13517,0
3,21571,1
2,17122,1
9,13580,0
11,10661,0
2,16115,1
8,21563,0
11,12773,0
6,3983,0
4,5265,0
12,3310,0
8,8249,0
7,24273,1
14,22451,0
7,22198,0
12,24088,0
6,17343,0
9,19040,0
13,5279,0
4,19807,1
9,19854,0
8,16080,0
9,21274,0
10,22772,0
8,3299,0
13,23296,0
5,19949,1
11,11035,0
12,5133,0
13,20545,0
14,24310,0
8,8683,0
13,19131,0
7,13548,0
7,22246,0
14,23738,0
5,16515,1
9,1853,0
4,6604,0
13,6356,0
9,5428,0
7,13907,0
5,15377,0
10,10056,0
12,9800,0
13,18675,0
6,18173,0
5,9567,0
12,6590,0
13,23046,0
10,10172,0
3,16251,1
13,17899,0
9,9233,0
10,3404,0
4,8977,0
12,12164,0
9,14232,0
8,18608,0
9,1831,0
2,15939,1
8,23501,0
9,10268,0
13,20945,0
12,17406,0
6,12506,0
5,15373,0
3,22850,1
2,10189,1
5,2606,0
14,15913,0
7,10777,0
2,1294,0
10,7148,0
4,4508,0
6,19530,1
3,23631,1
12,10985,0
13,15079,0
4,18439,1
11,12132,0
10,2870,0
10,9292,0
5,18980,1
5,3723,0
4,1575,0
10,20845,0
14,17499,0
11,23002,0
3,22436,1
10,8917,0
9,21519,0
14,9602,0
7,23787,1
3,12468,1
7,784,0
9,7858,0
2,7857,1
8,23218,0
11,7574,0
8,16702,0
8,4078,0
12,22342,0
7,17420,0
5,9288,0
7,1407,0
12,8263,0
2,19672,1
3,14371,1
8,9716,0
6,3302,0
10,22514,0
7,20834,0
13,9484,0
8,16841,0
11,20021,0
5,23870,1
3,4087,0
11,16403,0
10,23112,0
4,16119,1
6,14788,0
14,4158,0
13,21049,0
7,6143,0
10,19909,0
4,24805,1
14,16450,0
7,7773,0
14,14795,0
11,10078,0
11,9508,0
8,11247,0
11,4520,0
9,17856,0
7,20165,0
8,8265,0
7,22964,1
14,6290,0
14,10115,0
13,24449,0
9,24113,0
14,10658,0
4,664,0
10,20118,0
7,10699,0
7,14981,0
6,17377,0
12,3681,0
7,13950,0
10,17433,0
3,15412,1
14,1702,0
6,22322,1
10,11006,0
14,12632,0
13,12579,0
10,3821,0
13,16737,0
14,10034,0
3,20646,1
8,14191,0
7,7966,0
6,24355,1
8,1741,0
5,11141,0
9,10197,0
2,9002,1
4,23208,1
9,4481,0
8,1136,0
4,24978,1
13,1543,0
3,19204,1
10,10136,0
4,13995,1
7,24106,1
2,7219,1
14,10610,0
12,8319,0
5,11811,0
3,14008,1
10,15639,0
2,22264,1
10,3649,0
8,18083,0
5,12475,0
5,14851,0
3,23553,1
12,19119,0
10,3968,0
9,1199,0
11,22393,0
4,22659,1
3,4170,0
4,15293,1
5,16347,1
9,21780,0
7,22430,1
7,14369,0
3,24617,1
10,2161,0
5,8384,0
2,18157,1
8,10405,0
5,5339,0
8,14775,0
12,4159,0
13,12041,0
7,17278,0
14,5352,0
9,2166,0
8,18560,0
11,8081,0
5,11406,0
8,23349,0
7,22820,1
7,19148,0
12,11036,0
2,8162,1
13,11812,0
4,2374,0
8,18066,0
8,12683,0
10,1543,0
9,9100,0
5,6081,0
12,11515,0
9,5160,0
6,4752,0
14,19299,0
2,17590,1
2,17442,1
12,2099,0
7,725,0
6,9838,0
8,15105,0
13,5629,0
6,20160,1
4,16843,1
3,22688,1
13,3346,0
14,11056,0
9,7739,0
8,19606,0
3,15294,1
8,2758,0
7,4630,0
12,24363,0
11,22694,0
2,20782,1
8,1576,0
8,23770,0
12,3877,0
3,11552,1
12,856,0
8,18594,0
11,21114,0
4,18020,1
13,5066,0
6,15747,0
10,2131,0
3,19740,1
6,20443,1
9,19619,0
3,997,0
11,6721,0
3,1170,0
6,17100,0
12,15326,0
3,17328,1
4,16023,1
10,17267,0
12,23788,0
7,14317,0
5,1024,0
9,20896,0
11,17430,0
10,18295,0
11,11913,0
10,17767,0
14,10290,0
13,15951,0
7,4194,0
5,21152,1
13,24421,0
13,5352,0
4,9354,0
4,14386,1
2,2542,0
5,17362,1
11,21614,0
10,13344,0
7,13862,0
12,21382,0
14,4095,0
4,15226,1
9,21048,0
9,23102,0
12,17623,0
12,12020,0
2,13124,1
11,19062,0
4,4870,0
4,6287,0
14,14949,0
10,22031,0
12,2598,0
8,22103,0
3,22402,1
10,16926,0
13,4576,0
6,21545,1
13,6783,0
5,926,0
7,14074,0
8,23618,0
2,2735,0
3,1830,0
6,23708,1
11,1255,0
3,14469,1
11,19599,0
8,16869,0
5,20881,1
11,12533,0
3,4647,0
10,4275,0
14,23091,0
8,8956,0
6,18717,0
3,17011,1
14,21234,0
6,596,0
14,12351,0
11,5695,0
14,10459,0
5,20026,1
10,24034,0
7,8069,0
3,13961,1
7,23464,1
8,7680,0
13,18561,0
13,21357,0
6,22342,1
13,23200,0
3,23127,1
13,7741,0
14,4613,0
9,16994,0
11,14689,0
7,2271,0
4,14754,1
4,20072,1
9,14347,0
13,12929,0
5,7511,0
13,23002,0
11,1483,0
14,19358,0
6,24797,1
10,23312,0
12,351,0
14,4021,0
3,8146,0
3,18670,1
8,12253,0
2,3795,0
8,20112,0
6,8752,0
5,9196,0
3,16171,1
6,20727,1
2,8307,1
9,3390,0
10,7131,0
4,22530,1
3,24832,1
9,13199,0
13,20153,0
3,415,0
2,8386,1
13,1882,0
9,12508,0
6,12832,0
14,14981,0
2,3933,0
3,4423,0
12,10738,0
12,8010,0
9,17798,0
12,17174,0
13,9911,0
3,14719,1
3,13415,1
10,16963,0
2,13438,1
14,9176,0
3,5097,0
4,24834,1
8,3738,0
5,13657,0
10,2776,0
11,12388,0
2,10380,1
11,4572,0
7,20682,0
12,6457,0
14,4446,0
4,23950,1
2,15361,1
3,5204,0
14,9838,0
7,11306,0
9,5440,0
14,15564,0
14,13591,0
9,6242,0
10,12555,0
12,7088,0
6,21946,1
10,15767,0
11,19974,0
8,14031,0
12,20571,0
2,19531,1
8,4377,0
14,3353,0
10,8277,0
11,7540,0
7,16295,0
5,14151,0
12,11197,0
13,1767,0
12,13833,0
9,14493,0
8,14742,0
7,9768,0
6,6989,0
4,16693,1
9,4077,0
12,12022,0
5,2704,0
12,17937,0
9,13341,0
2,7611,1
11,2818,0
13,18756,0
11,13457,0
9,15578,0
3,12908,1
2,11632,1
6,23877,1
9,6042,0
2,23832,1
4,13067,1
7,18382,0
7,2381,0
7,14811,0
4,19891,1
10,15687,0
3,10771,1
11,16223,0
6,10179,0
10,15591,0
9,7630,0
8,19673,0
12,21221,0
6,6381,0
12,24161,0
13,19280,0
8,18870,0
11,22147,0
4,1272,0
10,12809,0
13,878,0
11,9760,0
7,1566,0
11,23475,0
11,6138,0
6,23993,1
8,16680,0
14,10785,0
6,17613,0
10,11176,0
8,16687,0
11,1083,0
3,8613,0
10,16978,0
11,18516,0
10,24498,0
8,6423,0
5,17585,1
9,21288,0
3,16372,1
4,10412,0
11,16235,0
8,16933,0
2,2398,0
5,2642,0
6,14181,0
12,16504,0
7,591,0
11,2734,0
9,17181,0
8,11958,0
12,20674,0
3,12773,1
3,15307,1
2,21090,1
10,21648,0
14,6114,0
5,3859,0
10,8537,0
6,12434,0
10,9333,0
6,21640,1
5,12618,0
13,16952,0
11,5904,0
6,12946,0
9,2977,0
5,2749,0
6,13407,0
12,12700,0
5,20566,1
4,9440,0
12,10672,0
5,24025,1
2,13094,1
3,4489,0
10,19124,0
3,21401,1
10,19655,0
3,21055,1
14,23186,0
5,6516,0
7,16367,0
13,15438,0
6,6488,0
7,15271,0
4,17687,1
14,5124,0
2,13182,1
5,20196,1
7,18864,0
7,20256,0
7,24679,1
6,18094,0
4,10786,0
10,3615,0
14,7773,0
4,8689,0
10,10161,0
10,17027,0
14,15810,0
14,11588,0
4,8644,0
4,14211,1
12,12739,0
14,22150,0
14,15482,0
8,6812,0
11,14276,0
7,1689,0
3,13556,1
13,12048,0
5,20388,1
13,12874,0
7,14904,0
11,373,0
3,6399,0
7,22493,1
6,23582,1
12,6645,0
13,6821,0
11,12438,0
12,6418,0
5,23312,1
9,9700,0
11,9514,0
3,4108,0
12,21586,0
2,5866,0
10,7191,0
2,8823,1
9,663,0
4,12140,0
8,23537,0
7,16614,0
8,16276,0
3,15447,1
10,11513,0
9,22322,0
2,23880,1
6,14336,0
5,13790,0
12,19056,0
7,13527,0
9,5553,0
8,4021,0
10,20778,0
7,8308,0
6,15864,0
7,8233,0
5,21635,1
13,16270,0
10,9272,0
4,2781,0
5,19545,1
5,16483,1
5,10238,0
5,5902,0
7,18765,0
9,5609,0
12,974,0
4,354,0
6,21556,1
3,11985,1
13,6445,0
14,4126,0
11,11168,0
13,7474,0
5,22164,1
2,16618,1
8,4829,0
4,14505,1
3,8105,0
2,10881,1
9,17522,0
7,8391,0
6,18316,0
5,14700,0
13,1049,0
3,20009,1
9,8043,0
4,21610,1
7,18600,0
7,16781,0
5,13096,0
13,22896,0
14,13916,0
3,8960,0
2,22188,1
3,4455,0
14,6878,0
8,4540,0
3,4035,0
12,15635,0
6,18712,0
8,24032,0
8,11854,0
9,19616,0
12,854,0
6,15377,0
5,9754,0
4,24567,1
7,16784,0
3,726,0
6,11330,0
11,23779,0
3,4355,0
3,572,0
4,14143,1
13,2554,0
11,22640,0
14,11238,0
11,22220,0
8,18743,0
14,4064,0
9,973,0
2,11247,1
6,3046,0
8,9417,0
6,2820,0
8,12541,0
7,4629,0
11,4638,0
6,19072,0
8,19050,0
11,2889,0
14,24710,0
5,534,0
4,4549,0
3,15422,1
11,15089,0
10,12850,0
3,3647,0
5,13633,0
6,8307,0
3,7400,0
5,10710,0
3,5781,0
12,22539,0
13,2765,0
7,17659,0
7,2991,0
2,10273,1
4,24325,1
10,13727,0
5,11137,0
2,17648,1
10,23319,0
12,23572,0
4,20267,1
7,24311,1
5,22877,1
11,23222,0
8,7806,0
11,24992,0
7,24452,1
14,23051,0
13,14948,0
10,22814,0
11,12209,0
4,18627,1
6,17175,0
2,9125,1
6,15926,0
10,14001,0
5,8866,0
13,6418,0
10,11503,0
12,3263,0
9,18027,0
3,4081,0
12,18269,0
9,8776,0
11,1775,0
5,23081,1
14,12857,0
11,7496,0
3,18990,1
3,3721,0
8,9558,0
3,20232,1
9,12571,0
4,7481,0
11,326,0
4,9915,0
13,2708,0
7,19366,0
3,7737,0
7,22302,0
10,9367,0
7,22104,0
4,16615,1
12,24077,0
6,24524,1
10,24023,0
14,4554,0
11,24023,0
13,9902,0
3,2141,0
8,13983,0
11,8937,0
9,14292,0
11,14739,0
9,10241,0
11,617,0
7,23797,1
2,1842,0
9,24077,0
9,2060,0
5,21495,1
13,19728,0
14,556,0
3,14449,1
14,4408,0
13,16405,0
4,18238,1
4,861,0
10,19864,0
12,13542,0
5,3481,0
3,20477,1
6,21877,1
12,21067,0
6,17280,0
14,4665,0
14,16487,0
3,9965,1
11,9564,0
3,1708,0
13,21670,0
13,15087,0
7,11828,0
6,2600,0
4,16211,1
2,8472,1
7,5531,0
3,23448,1
10,7466,0
8,17165,0
11,5790,0
13,20856,0
8,5750,0
10,13323,0
2,1415,0
8,1666,0
8,7434,0
3,3397,0
14,4802,0
7,9863,0
8,9970,0
13,5814,0
3,6346,0
2,9709,1
12,22835,0
14,19594,0
11,10783,0
5,11003,0
12,19116,0
14,20875,0
14,20454,0
2,3315,0
3,11167,1
4,16331,1
7,17020,0
7,473,0
2,13958,1
14,8671,0
12,812,0
13,20110,0
7,12612,0
7,2138,0
6,21375,1
2,11263,1
7,7462,0
14,23003,0
10,6636,0
13,19949,0
14,13273,0
14,19000,0
7,15865,0
3,3580,0
13,4422,0
9,13085,0
3,21294,1
13,23716,0
5,2871,0
5,21181,1
13,5167,0
7,9834,0
10,2787,0
2,6458,1
12,20316,0
12,21030,0
9,18487,0
12,22915,0
10,768,0
3,21090,1
4,21964,1
4,8718,0
4,11383,0
2,11496,1
11,5843,0
7,3727,0
8,9523,0
8,2713,0
6,1013,0
2,13033,1
6,6324,0
10,6668,0
4,17303,1
9,3662,0
13,8723,0
8,22838,0
11,19454,0
11,22466,0
10,11366,0
3,553,0
7,2845,0
5,22456,1
11,23710,0
4,22272,1
12,10587,0
3,18049,1
11,1646,0
13,19417,0
14,18762,0
11,24509,0
6,8106,0
12,18644,0
6,16954,0
14,3713,0
2,12990,1
13,22456,0
9,3850,0
8,3896,0
10,2868,0
12,4371,0
4,17940,1
13,10790,0
4,7963,0
7,7816,0
12,21128,0
3,18376,1
12,18294,0
10,7815,0
4,24813,1
7,17405,0
3,1682,0
10,7630,0
12,14916,0
5,16980,1
2,14147,1
10,6500,0
12,18935,0
14,12650,0
6,8482,0
7,22917,1
14,12461,0
9,14109,0
7,8932,0
5,11783,0
6,6166,0
6,13115,0
6,3409,0
2,6238,0
13,10083,0
9,22235,0
3,24737,1
3,1497,0
7,3503,0
5,22387,1
4,5986,0
2,22087,1
5,4147,0
11,11264,0
7,1229,0
3,3368,0
2,12408,1
13,3131,0
8,11442,0
13,11441,0
6,4782,0
14,23792,0
4,9781,0
11,23630,0
8,6671,0
9,12615,0
3,20976,1
6,5916,0
7,18589,0
6,20841,1
9,16927,0
3,4426,0
10,2356,0
11,17332,0
10,3921,0
10,2498,0
8,14566,0
13,3156,0
4,15699,1
12,13435,0
10,23208,0
7,5420,0
12,6802,0
2,17031,1
9,23931,0
12,23507,0
8,489,0
9,13010,0
4,3903,0
6,17646,0
6,24552,1
5,20278,1
13,24958,0
14,2314,0
13,20849,0
5,23555,1
10,21604,0
9,4387,0
12,18130,0
14,7698,0
11,1461,0
3,12711,1
3,7067,0
12,14086,0
4,13204,1
9,7611,0
2,21181,1
5,12431,0
14,23568,0
4,21281,1
12,4476,0
2,7988,1
5,19004,1
13,673,0
13,2686,0
7,1542,0
3,11677,1
12,9095,0
13,6570,0
11,1344,0
8,16443,0
3,19474,1
14,3136,0
10,13385,0
10,19009,0
12,23530,0
7,10947,0
6,20757,1
7,17498,0
2,3095,0
14,18584,0
13,23833,0
14,7782,0
7,14017,0
14,18488,0
9,20492,0
12,16961,0
6,9487,0
5,2548,0
4,11283,0
13,15557,0
14,14619,0
6,21190,1
3,8451,0
6,9660,0
13,24072,0
6,1942,0
8,11192,0
4,8440,0
9,24577,0
14,13590,0
6,6323,0
12,11267,0
13,5384,0
2,17352,1
4,21021,1
8,6012,0
7,17937,0
11,1737,0
13,13143,0
4,2769,0
11,19594,0
9,7072,0
6,3711,0
2,16760,1
4,24467,1
13,6288,0
10,6255,0
8,17669,0
11,12390,0
5,2971,0
2,4488,0
10,7150,0
7,22746,1
4,4993,0
5,7629,0
12,3985,0
5,21575,1
2,927,0
6,3143,0
13,15483,0
7,24748,1
2,15732,1
7,21423,0
2,23494,1
2,22667,1
12,22466,0
12,22097,0
10,3941,0
12,18143,0
5,1926,0
3,12358,1
14,5877,0
3,11394,1
11,324,0
3,12964,1
7,6368,0
14,6920,0
10,17557,0
13,17326,0
7,13379,0
11,4994,0
4,22755,1
10,14837,0
13,22463,0
3,23237,1
4,19782,1
11,6976,0
10,6661,0
2,21440,1
11,10155,0
5,14255,0
13,10448,0
10,21974,0
9,9622,0
2,21599,1
13,15813,0
11,17989,0
12,1703,0
8,15737,0
5,13613,0
6,8792,0
3,6574,0
12,10457,0
9,13291,0
10,10977,0
6,10146,0
8,17109,0
3,8590,0
10,16984,0
14,22605,0
13,9412,0
6,6409,0
14,1912,0
14,19280,0
2,3785,0
7,5574,0
4,17959,1
6,20377,1
5,12152,0
9,9836,0
11,17943,0
14,17679,0
13,5725,0
5,10574,0
11,13147,0
7,1415,0
12,6437,0
4,5370,0
9,21121,0
7,14789,0
9,5873,0
6,11260,0
3,12659,1
5,22794,1
6,17023,0
11,19407,0
13,20477,0
13,18653,0
6,24725,1
11,23134,0
2,5637,0
8,24146,0
14,14525,0
4,848,0
13,24828,0
4,9374,0
2,16631,1
6,7165,0
4,17321,1
4,23154,1
12,390,0
5,1806,0
8,15295,0
12,16741,0
10,2208,0
2,906,0
12,13075,0
11,8118,0
9,3901,0
3,13765,1
7,12239,0
4,10436,0
13,15923,0
2,15828,1
11,6894,0
4,10592,0
8,15246,0
9,16057,0
12,21788,0
2,21201,1
2,3544,0
9,6896,0
13,19814,0
9,5671,0
12,2696,0
4,13192,1
13,10095,0
5,24552,1
6,22090,1
9,9087,0
8,15014,0
6,3577,0
13,24629,0
3,18347,1
2,18708,1
5,613,0
7,19701,0
5,22030,1
5,22000,1
2,5064,0
12,1227,0
3,7774,0
6,15198,0
14,23339,0
3,2113,0
9,723,0
5,24860,1
3,5229,0
7,14996,0
8,23225,0
14,21244,0
6,22489,1
2,1219,0
12,5067,0
9,9919,0
7,10542,0
9,13196,0
3,24289,1
5,17204,1
9,2460,0
6,2265,0
4,23976,1
7,6872,0
4,23394,1
9,347,0
6,2539,0
11,17573,0
10,16455,0
12,7927,0
14,21222,0
14,24105,0
4,5161,0
4,21046,1
11,11882,0
3,24673,1
2,6913,1
4,14745,1
3,17458,1
6,21055,1
13,20522,0
4,12809,1
2,19469,1
11,12337,0
3,19681,1
11,3310,0
5,6126,0
13,23489,0
7,14382,0
12,17156,0
14,23159,0
12,4278,0
8,23317,0
2,21541,1
13,14635,0
11,22215,0
6,9480,0
9,11554,0
8,17811,0
2,2092,0
3,18832,1
10,4413,0
14,4787,0
8,6397,0
8,1747,0
7,6116,0
13,2077,0
6,6396,0
8,11277,0
3,6655,0
13,16180,0
11,745,0
2,23791,1
11,10307,0
14,14307,0
6,8831,0
11,9274,0
4,14801,1
3,6697,0
10,15179,0
8,18929,0
7,18882,0
3,18012,1
7,24568,1
8,13550,0
14,2571,0
6,21838,1
10,2513,0
4,6935,0
13,7826,0
12,10890,0
9,16372,0
6,17203,0
4,2169,0
5,13442,0
3,4752,0
7,20019,0
10,6055,0
3,9002,0
10,9574,0
6,19707,1
12,5205,0
6,3694,0
4,9208,0
4,8055,0
9,1004,0
4,3036,0
6,19096,0
11,2888,0
13,6105,0
10,23953,0
8,2652,0
9,23839,0
11,20815,0
8,12631,0
4,8796,0
9,6817,0
14,15331,0
6,8831,0
6,17363,0
11,19891,0
9,11462,0
6,5305,0
14,21744,0
14,13925,0
14,2829,0
3,20946,1
6,17438,0
14,2343,0
10,16937,0
5,19040,1
10,20768,0
13,16732,0
3,20508,1
7,18034,0
3,5317,0
2,23567,1
3,16612,1
3,15246,1
3,16077,1
5,4843,0
5,19290,1
12,21368,0
9,2905,0
8,4961,0
2,9630,1
7,4712,0
5,17151,1
14,22461,0
5,721,0
10,3411,0
11,6257,0
4,13077,1
13,2469,0
14,23899,0
6,3302,0
7,16199,0
5,9667,0
8,11795,0
9,3209,0
11,5459,0
7,14069,0
3,9127,0
11,1191,0
14,15052,0
13,6290,0
13,10765,0
6,21558,1
9,22265,0
4,24881,1
8,22660,0
11,5679,0
2,21020,1
10,2722,0
8,11740,0
14,24921,0
13,15921,0
12,19217,0
10,9137,0
4,11821,0
10,17213,0
12,14053,0
13,5119,0
7,23570,1
4,1651,0
11,6513,0
9,4894,0
3,13477,1
9,24515,0
4,5062,0
11,6784,0
3,24262,1
12,1385,0
2,1581,0
10,7686,0
4,16114,1
14,18962,0
5,22056,1
5,17717,1
2,14562,1
7,8747,0
4,1161,0
2,19256,1
5,17257,1
11,430,0
14,13777,0
11,19588,0
9,20370,0
5,5451,0
11,1801,0
5,21972,1
9,17230,0
8,9392,0
13,24386,0
6,6204,0
11,6307,0
13,1124,0
12,5425,0
14,21597,0
12,15125,0
13,23250,0
14,22677,0
7,22702,1
5,8503,0
2,3896,0
9,19917,0
9,23394,0
11,18111,0
7,11126,0
6,9574,0
12,16369,0
11,15220,0
13,11186,0
13,23334,0
11,18694,0
2,13872,1
7,14178,0
10,23169,0
7,21368,0
3,23303,1
10,19141,0
10,4294,0
14,11953,0
10,12266,0
13,9753,0
9,20145,0
8,4093,0
10,16945,0
13,19745,0
3,10748,1
9,10809,0
8,12104,0
4,15833,1
8,17275,0
3,11578,1
2,22145,1
14,11654,0
10,22500,0
11,7689,0
5,10028,0
2,9475,1
14,1868,0
6,9286,0
5,4195,0
9,16227,0
5,20012,1
11,15898,0
4,2250,0
8,16514,0
11,14124,0
6,5967,0
10,10323,0
3,12596,1
2,22329,1
5,16745,1
13,21812,0
12,20796,0
2,20172,1
5,634,0
4,21159,1
2,22689,1
12,2748,0
7,7731,0
13,4864,0
11,15297,0
11,10131,0
9,7753,0
10,12170,0
2,21699,1
3,19820,1
10,24868,0
5,18800,1
3,9378,0
7,19020,0
12,4368,0
12,5882,0
11,4740,0
11,20184,0
4,12985,1
11,20043,0
2,14780,1
10,12161,0
2,4947,0
7,21246,0
6,9667,0
5,3397,0
7,21273,0
9,6741,0
7,6284,0
7,14029,0
10,15396,0
13,4230,0
5,24982,1
2,6725,1
9,6617,0
2,14983,1
5,20432,1
14,23143,0
9,19544,0
2,12959,1
7,13727,0
14,8348,0
14,17780,0
11,15573,0
4,20989,1
4,13350,1
10,20358,0
5,24480,1
10,11545,0
4,23982,1
11,3105,0
14,7437,0
12,2028,0
3,9588,0
2,13426,1
13,2968,0
11,24242,0
10,24321,0
8,15751,0
8,5786,0
6,16205,0
14,23860,0
8,4974,0
14,1385,0
3,24575,1
6,3965,0
12,6173,0
4,24602,1
13,17650,0
2,1090,0
11,4306,0
2,17416,1
3,21725,1
11,13955,0
14,3044,0
3,12313,1
2,12686,1
8,16568,0
6,5951,0
10,3940,0
13,3901,0
7,3575,0
5,18202,1
4,19058,1
7,14141,0
2,12477,1
9,21436,0
3,13353,1
14,9984,0
7,13494,0
9,12717,0
6,17009,0
10,18515,0
9,18998,0
4,13113,1
3,12498,1
6,6808,0
13,21208,0
10,12210,0
7,15943,0
7,1178,0
14,22224,0
9,21812,0
11,1396,0
14,11238,0
12,3231,0
7,3207,0
13,2496,0
7,24425,1
12,20065,0
4,6555,0
9,23910,0
12,673,0
4,23688,1
7,23841,1
8,16765,0
11,23638,0
11,7044,0
8,15685,0
9,19662,0
12,4050,0
3,24898,1
5,17439,1
9,13850,0
9,5209,0
13,9145,0
5,376,0
11,9717,0
5,16734,1
13,15276,0
6,21603,1
7,14092,0
7,7850,0
13,23761,0
7,23429,1
4,24316,1
11,3573,0
11,18574,0
12,2927,0
12,8923,0
11,16583,0
10,2128,0
14,355,0
2,18001,1
13,15768,0
3,4853,0
3,11133,1
9,8206,0
5,2218,0
14,8193,0
3,10258,1
14,18606,0
10,5735,0
8,8825,0
7,18640,0
9,6442,0
11,17369,0
7,18947,0
13,13046,0
6,14389,0
8,7936,0
13,8585,0
12,7454,0
6,9575,0
3,5370,0
13,23722,0
7,13458,0
3,5680,0
8,10265,0
4,11535,0
12,5928,0
14,19747,0
13,3651,0
3,13113,1
10,22540,0
2,1012,0
14,15074,0
12,931,0
11,8176,0
14,10284,0
5,8116,0
4,18663,1
9,23350,0
10,15118,0
10,17471,0
2,7854,1
10,15973,0
8,18035,0
14,19956,0
12,12306,0
11,15132,0
8,14337,0
10,15243,0
3,7489,0
6,15656,0
12,9737,0
14,6469,0
6,12616,0
3,15821,1
6,7297,0
3,24674,1
10,11461,0
9,5035,0
4,20284,1
14,18994,0
12,3676,0
7,4538,0
9,2415,0
9,3197,0
2,20725,1
5,3125,0
14,7349,0
7,22938,1
10,14860,0
4,6899,0
10,11442,0
8,8533,0
12,5248,0
7,16776,0
12,20323,0
8,12023,0
3,6618,0
7,18364,0
7,8468,0
12,15605,0
3,6348,0
5,17301,1
8,6420,0
10,21723,0
3,748,0
12,21131,0
11,23948,0
11,15363,0
2,18004,1
3,2477,0
8,15563,0
13,21206,0
14,24980,0
14,5362,0
7,10830,0
3,14043,1
7,342,0
12,5162,0
10,9368,0
12,2250,0
7,6704,0
7,16039,0
7,582,0
8,9102,0
10,17465,0
3,8283,0
2,22285,1
5,21368,1
10,9495,0
7,7770,0
4,11848,0
10,8649,0
7,18251,0
12,13275,0
7,11738,0
2,13402,1
6,3655,0
6,16764,0
3,24066,1
3,22375,1
13,4751,0
4,22231,1
12,23445,0
2,23014,1
9,10895,0
7,4022,0
13,9556,0
12,9749,0
6,13746,0
6,16111,0
8,1011,0
11,10090,0
8,1045,0
9,11021,0
6,7187,0
5,11657,0
8,5860,0
7,12516,0
6,9345,0
5,19496,1
9,12343,0
7,2228,0
10,23874,0
10,10519,0
9,15430,0
6,18155,0
11,15119,0
5,4301,0
10,7964,0
5,24017,1
8,12504,0
8,21840,0
9,11258,0
8,20723,0
7,2674,0
8,17221,0
2,3063,0
2,15435,1
3,23282,1
2,4489,0
7,22257,0
8,10774,0
5,24852,1
12,14905,0
14,14040,0
7,18724,0
9,2556,0
3,22413,1
11,8574,0
4,12379,0
5,15300,0
2,23302,1
6,1176,0
14,11239,0
13,13808,0
6,3929,0
9,14847,0
7,3814,0
12,15727,0
8,19807,0
13,22502,0
5,11156,0
10,485,0
4,11762,0
12,20457,0
3,24816,1
12,5928,0
13,4359,0
2,1660,0
4,8787,0
13,11010,0
2,5391,0
9,11729,0
12,23339,0
10,16738,0
4,504,0
13,17151,0
13,21277,0
6,16402,0
14,14260,0
3,4324,0
10,6085,0
9,22745,0
10,10048,0
9,15676,0
6,21358,1
2,7947,1
6,7229,0
5,8487,0
8,2296,0
3,738,0
12,18326,0
11,18624,0
10,3184,0
14,17676,0
2,23882,1
12,21316,0
13,18133,0
4,18184,1
11,24726,0
4,8554,0
8,648,0
4,17411,1
10,15231,0
12,7317,0
12,20506,0
11,17106,0
7,2989,0
13,6080,0
7,12219,0
4,21133,1
13,8434,0
3,24197,1
6,22921,1
7,17156,0
12,4813,0
7,604,0
4,22959,1
7,21121,0
11,21098,0
12,1062,0
12,1172,0
3,4386,0
10,20556,0
11,7869,0
14,14022,0
3,16399,1
6,11137,0
5,5065,0
8,15494,0
14,3735,0
13,22484,0
13,13660,0
13,13865,0
6,3013,0
3,19747,1
12,11288,0
10,8402,0
9,840,0
3,18202,1
3,18645,1
13,3409,0
14,20009,0
2,9110,1
4,22411,1
2,17596,1
3,10943,1
9,14630,0
13,5837,0
6,11382,0
11,652,0
5,20328,1
9,15934,0
7,12767,0
2,1120,0
10,7474,0
13,13952,0
7,23753,1
2,17969,1
7,22062,0
3,4437,0
9,16747,0
10,11962,0
13,18802,0
4,11723,0
14,6821,0
11,16533,0
6,22362,1
4,14579,1
2,14158,1
3,18787,1
4,22197,1
6,3623,0
2,7596,1
14,24655,0
9,5206,0
7,2778,0
11,12212,0
9,12844,0
14,15820,0
5,17838,1
12,13441,0
14,8043,0
12,8069,0
13,3136,0
14,11434,0
9,4477,0
12,17433,0
11,5225,0
13,17297,0
8,21732,0
13,6534,0
3,22378,1
8,10079,0
8,21037,0
14,21337,0
10,667,0
8,13266,0
10,15161,0
4,6351,0
5,18664,1
5,23550,1
11,12116,0
2,5870,0
10,6625,0
14,1222,0
4,7744,0
9,19852,0
12,23241,0
2,4328,0
10,6184,0
5,9212,0
8,16083,0
13,1468,0
5,10046,0
6,22434,1
4,21538,1
6,19225,1
10,22411,0
4,4574,0
3,10766,1
14,21721,0
12,12828,0
2,20454,1
10,12685,0
3,4292,0
7,9106,0
12,22182,0
13,3324,0
2,24919,1
8,17344,0
4,1525,0
2,2494,0
7,5191,0
8,12507,0
9,5651,0
11,13336,0
8,12848,0
4,9351,0
2,12888,1
10,15859,0
9,20010,0
2,17071,1
8,4219,0
10,9068,0
2,17497,1
6,17138,0
7,5781,0
4,11403,0
13,8839,0
2,7450,1
8,20304,0
6,23889,1
9,9373,0
4,9755,0
2,18933,1
6,5514,0
12,3431,0
5,21097,1
9,18157,0
9,17959,0
3,2100,0
8,9430,0
12,1847,0
3,13629,1
5,23367,1
8,2071,0
7,16398,0
10,3313,0
13,12349,0
12,2164,0
2,20019,1
10,21411,0
11,3195,0
4,8626,0
9,7877,0
7,1074,0
6,24885,1
14,18151,0
4,21170,1
12,15181,0
14,14533,0
7,18831,0
2,21573,1
14,15762,0
11,13191,0
13,4878,0
14,23706,0
10,2460,0
14,828,0
7,16148,0
12,8502,0
6,22785,1
12,24978,0
2,2935,0
10,1658,0
14,23792,0
10,11994,0
13,23657,0
7,4544,0
9,13172,0
7,21865,0
10,12614,0
12,18920,0
9,2116,0
3,1667,0
10,19983,0
9,24775,0
12,5138,0
11,4417,0
9,14384,0
11,24353,0
14,10972,0
11,18250,0
9,23052,0
9,15854,0
12,24792,0
3,18986,1
11,1088,0
14,6152,0
14,13912,0
12,4305,0
9,4803,0
2,8011,1
11,5132,0
9,21204,0
3,10345,1
5,19970,1
10,20847,0
14,17267,0
3,23681,1
4,9940,0
4,5774,0
11,4486,0
7,12422,0
10,7804,0
11,14803,0
8,18022,0
11,5085,0
13,23118,0
2,22637,1
5,6106,0
13,21260,0
3,22275,1
13,5064,0
4,19884,1
7,22472,1
2,10314,1
7,10097,0
4,3214,0
9,20176,0
11,10355,0
12,24851,0
5,16768,1
6,3873,0
6,23634,1
4,20983,1
9,18042,0
12,14728,0
4,9238,0
7,16265,0
11,24401,0
2,22864,1
14,14161,0
13,12080,0
11,8700,0
12,12926,0
5,6784,0
8,1869,0
12,13503,0
9,11818,0
3,18271,1
8,21843,0
3,23430,1
5,14486,0
5,20864,1
9,10596,0
14,6972,0
6,5761,0
8,9213,0
12,13211,0
2,13237,1
6,11539,0
12,19456,0
14,21168,0
8,24300,0
2,15731,1
3,2938,0
6,19410,1
2,18602,1
13,2989,0
12,21794,0
6,7058,0
5,24302,1
6,17416,0
13,2453,0
4,20924,1
10,17518,0
8,19833,0
6,13164,0
10,11447,0
11,24038,0
8,23633,0
10,958,0
11,17718,0
9,17814,0
4,22020,1
5,3725,0
6,18988,0
9,4444,0
6,23294,1
12,22995,0
11,5424,0
4,23586,1
2,4855,0
14,6466,0
9,2948,0
9,8473,0
11,1377,0
3,8192,0
2,13219,1
7,18452,0
5,14932,0
9,12844,0
6,1322,0
14,14280,0
14,24879,0
14,6336,0
3,24680,1
3,14981,1
8,15560,0
12,1689,0
14,22372,0
12,1597,0
4,3244,0
14,9628,0
10,12513,0
14,19951,0
2,24178,1
5,24877,1
10,3650,0
8,15358,0
13,24624,0
13,4178,0
3,4023,0
5,14598,0
11,11209,0
11,7347,0
12,6939,0
4,12731,0
14,17470,0
8,15995,0
12,2255,0
5,20800,1
4,7796,0
6,23302,1
13,4041,0
9,18063,0
4,23415,1
5,19604,1
11,21424,0
12,12477,0
8,23323,0
4,15909,1
10,6595,0
5,18000,1
12,8025,0
11,18155,0
13,11885,0
3,20924,1
5,1678,0
10,22205,0
10,4441,0
14,15155,0
9,20467,0
7,7082,0
8,18427,0
4,7208,0
6,17955,0
3,5072,0
8,12488,0
8,24559,0
6,19902,1
4,23800,1
13,13132,0
14,3137,0
3,985,0
2,8036,1
9,21006,0
12,11924,0
14,17031,0
7,743,0
9,11701,0
9,2863,0
3,2701,0
4,10541,0
13,23910,0
8,1406,0
14,18362,0
2,14572,1
8,8511,0
6,1533,0
13,589,0
2,9559,1
8,10592,0
3,2753,0
6,12291,0
2,18476,1
6,13304,0
4,23198,1
4,21117,1
8,16813,0
5,9865,0
5,5085,0
2,2519,0
6,4486,0
12,18729,0
6,2665,0
11,18276,0
8,16493,0
14,21113,0
14,22791,0
7,18126,0
12,12844,0
4,23445,1
9,2816,0
11,3959,0
11,1192,0
2,23034,1
9,9113,0
4,5815,0
11,1078,0
4,15206,1
2,11764,1
7,18199,0
8,21175,0
5,13967,0
10,12136,0
3,23119,1
14,16769,0
5,23133,1
12,470,0
3,9880,1
10,6648,0
4,13266,1
11,8593,0
8,1303,0
12,15632,0
4,3950,0
10,2183,0
7,8655,0
10,2726,0
4,10629,0
14,24876,0
13,5753,0
5,6992,0
13,17557,0
8,17315,0
13,22191,0
9,20004,0
10,3358,0
10,23335,0
9,587,0
4,18783,1
11,6746,0
3,10871,1
2,11048,1
12,24777,0
5,15506,0
14,17299,0
10,22817,0
9,1388,0
14,23833,0
10,1585,0
2,5889,0
2,17061,1
2,4022,0
8,5069,0
10,4299,0
5,989,0
9,23011,0
2,21567,1
4,8971,0
13,1958,0
3,19107,1
12,8200,0
7,14267,0
10,5445,0
7,9578,0
11,2653,0
2,14986,1
10,14144,0
10,10774,0
11,11548,0
4,15608,1
8,23318,0
13,8046,0
6,13132,0
13,12528,0
11,3075,0
8,1354,0
12,23931,0
8,6636,0
4,10920,0
3,15268,1
10,13334,0
10,3989,0
8,14854,0
7,8140,0
8,2748,0
3,16616,1
5,22994,1
13,15262,0
13,5466,0
13,17663,0
7,12664,0
5,5420,0
14,19067,0
4,11473,0
8,22028,0
2,12702,1
7,7929,0
4,19413,1
3,20234,1
4,5749,0
13,18126,0
8,19268,0
7,10361,0
8,23704,0
3,8404,0
4,10731,0
3,4654,0
6,750,0
11,422,0
14,12076,0
2,11166,1
14,1299,0
4,23310,1
9,8335,0
5,24580,1
7,6788,0
8,5467,0
9,16193,0
7,3049,0
12,4104,0
3,14950,1
4,5245,0
6,8516,0
13,17570,0
13,12465,0
12,19459,0
3,13757,1
7,18612,0
4,2534,0
10,18907,0
4,14306,1
14,8068,0
10,6559,0
10,1075,0
7,9229,0
2,16006,1
14,16185,0
9,20682,0
8,18439,0
3,9667,1
12,24100,0
14,1487,0
6,1786,0
11,11499,0
3,6818,0
5,11284,0
8,10190,0
7,14345,0
10,23368,0
9,17577,0
14,22700,0
2,11892,1
2,23817,1
10,5975,0
9,4481,0
8,11552,0
2,14771,1
14,5730,0
11,18914,0
13,1020,0
5,757,0
3,4828,0
8,22055,0
9,20439,0
6,18843,0
8,13970,0
6,4757,0
3,6253,0
8,23987,0
12,21691,0
14,17797,0
7,16150,0
7,9928,0
8,15902,0
11,18404,0
13,7300,0
5,7166,0
5,12718,0
6,18591,0
12,1130,0
6,3696,0
6,10760,0
11,13137,0
14,16227,0
11,7204,0
9,24312,0
7,9196,0
5,7165,0
7,18885,0
8,3277,0
11,11221,0
8,9393,0
4,22816,1
12,8191,0
10,18907,0
5,15095,0
2,15037,1
5,22983,1
14,19477,0
8,1793,0
2,8068,1
9,1631,0
5,24796,1
6,16888,0
4,3597,0
7,24663,1
7,17076,0
6,20584,1
10,21707,0
4,593,0
2,10379,1
9,23527,0
5,6381,0
9,17031,0
7,10700,0
2,21196,1
12,16462,0
10,1111,0
14,434,0
12,13482,0
5,5011,0
8,21204,0
8,5350,0
14,17647,0
8,9605,0
2,1335,0
2,21763,1
4,22404,1
7,7019,0
2,5401,0
13,6915,0
5,1593,0
13,23710,0
3,14288,1
6,15797,0
5,19731,1
3,10761,1
12,20891,0
8,20748,0
7,21795,0
5,15623,0
6,24094,1
14,24157,0
8,12136,0
4,5104,0
2,3031,0
14,20087,0
5,17470,1
8,6684,0
3,11356,1
12,8141,0
11,7570,0
8,6405,0
2,10728,1
11,8655,0
7,20529,0
3,10667,1
3,1189,0
13,20452,0
3,3427,0
10,9343,0
4,3730,0
2,11958,1
7,4539,0
3,23563,1
3,8404,0
5,16030,1
6,16329,0
5,11731,0
3,1989,0
2,11316,1
5,3681,0
8,23887,0
9,21233,0
2,5613,0
5,12564,0
6,547,0
11,10776,0
3,10126,1
2,3735,0
11,11488,0
7,19779,0
11,18920,0
4,13309,1
11,10422,0
11,2798,0
11,1815,0
11,1818,0
11,11345,0
8,21055,0
6,13247,0
13,12355,0
14,3313,0
4,7010,0
4,14451,1
5,3375,0
14,7612,0
2,17375,1
5,22595,1
3,21838,1
5,13311,0
3,21011,1
5,23399,1
12,2016,0
6,1317,0
3,21572,1
11,23331,0
11,3326,0
14,12094,0
5,21544,1
11,21162,0
4,19871,1
7,23999,1
3,7372,0
2,17901,1
12,6277,0
14,12839,0
7,22310,0
2,17503,1
8,12639,0
12,3100,0
7,720,0
10,19519,0
8,13173,0
7,15916,0
3,18010,1
5,11876,0
7,4204,0
7,3179,0
12,7535,0
9,16128,0
11,2238,0
9,15831,0
14,10945,0
7,19411,0
9,6354,0
11,23784,0
8,5985,0
9,919,0
13,23812,0
12,2032,0
10,5136,0
2,21147,1
4,1800,0
5,10092,0
6,11925,0
7,18428,0
4,17298,1
2,2307,0
8,3740,0
3,21460,1
12,9627,0
9,11371,0
6,3425,0
8,15712,0
9,10819,0
4,14007,1
4,11955,0
14,1093,0
3,4775,0
9,14135,0
6,13230,0
10,23175,0
6,2468,0
5,6126,0
8,15710,0
10,9563,0
6,9554,0
8,17066,0
3,15400,1
14,5993,0
6,24155,1
6,736,0
8,12397,0
9,11985,0
9,24716,0
5,13163,0
4,11359,0
14,3193,0
9,5064,0
7,18434,0
14,22598,0
6,17321,0
10,9611,0
13,1856,0
4,8630,0
13,10081,0
12,17751,0
5,20945,1
14,12872,0
9,11897,0
11,24531,0
3,5861,0
9,11110,0
3,5277,0
3,19882,1
2,17554,1
8,15860,0
3,8500,0
7,19793,0
5,463,0
3,22849,1
7,14312,0
14,6582,0
11,17792,0
4,438,0
14,4269,0
3,8672,0
11,2494,0
10,10204,0
9,2519,0
8,1560,0
10,23310,0
6,2689,0
9,5201,0
11,8101,0
5,9467,0
7,22104,0
13,9322,0
14,11173,0
3,23864,1
11,9107,0
4,15674,1
14,15042,0
3,5644,0
2,18214,1
9,11587,0
13,12659,0
6,8834,0
14,12996,0
6,3845,0
13,22081,0
8,10321,0
6,13442,0
3,23713,1
2,17443,1
11,9635,0
9,10230,0
2,675,0
2,1881,0
2,1911,0
7,16587,0
2,12095,1
9,4420,0
12,14063,0
2,9425,1
10,14378,0
4,2112,0
4,14835,1
14,15978,0
10,21502,0
3,5631,0
3,20826,1
6,17127,0
10,7120,0
6,4721,0
14,2343,0
12,11534,0
13,12259,0
8,3049,0
5,11361,0
13,19558,0
3,794,0
14,11252,0
10,13463,0
4,7913,0
7,13870,0
7,14728,0
3,4973,0
4,21264,1
5,16171,1
13,12904,0
6,17576,0
14,12319,0
6,15083,0
14,13018,0
3,12120,1
11,4554,0
6,8498,0
9,18232,0
8,17196,0
13,18802,0
13,21153,0
6,13989,0
14,17219,0
12,6800,0
5,9376,0
11,23058,0
6,8399,0
4,14794,1
14,7151,0
7,16963,0
11,4324,0
14,10532,0
13,24269,0
4,22823,1
6,24723,1
12,1727,0
7,6075,0
3,9961,1
11,532,0
2,15447,1
13,7733,0
8,13435,0
14,17522,0
4,14895,1
8,1111,0
4,15398,1
4,23044,1
4,11801,0
9,8135,0
3,5495,0
14,23630,0
14,9720,0
5,11418,0
14,5980,0
8,4796,0
9,21418,0
13,5657,0
12,11885,0
4,6597,0
9,14381,0
10,18298,0
8,16137,0
4,7640,0
5,16409,1
2,3771,0
9,17014,0
7,10371,0
4,12526,0
5,24998,1
8,21314,0
6,24867,1
10,1898,0
10,9156,0
3,18703,1
6,20685,1
3,2286,0
5,24235,1
3,15327,1
8,1784,0
9,19183,0
13,3746,0
7,21945,0
8,22314,0
8,13627,0
11,19252,0
3,1972,0
3,3860,0
4,3500,0
9,24891,0
14,2229,0
12,5554,0
10,23835,0
13,3639,0
13,7281,0
8,7822,0
10,14518,0
10,17661,0
4,1479,0
10,1828,0
10,17296,0
3,10389,1
5,21611,1
4,19195,1
5,2780,0
7,19966,0
7,13015,0
9,14410,0
8,19460,0
3,16416,1
11,10042,0
5,5300,0
3,3131,0
3,10493,1
8,21394,0
13,20229,0
7,16609,0
2,1479,0
2,22472,1
7,20572,0
11,2486,0
9,10446,0
3,17962,1
4,23534,1
5,16359,1
11,21826,0
3,5580,0
2,11679,1
2,14900,1
4,9963,0
6,8145,0
3,9885,1
13,9247,0
3,23332,1
9,14954,0
13,15602,0
4,6526,0
2,18219,1
10,17432,0
10,22585,0
13,19983,0
3,10398,1
12,1883,0
5,18388,1
2,9743,1
5,11038,0
10,6551,0
3,3171,0
12,9416,0
13,7869,0
10,24695,0
7,17406,0
4,23948,1
10,17594,0
4,6073,0
12,14158,0
14,2652,0
8,19829,0
9,6289,0
10,13041,0
4,354,0
4,11964,0
14,5568,0
7,18555,0
12,6323,0
13,24576,0
5,352,0
6,10435,0
7,12371,0
4,7906,0
4,10060,0
6,7573,0
2,7884,1
12,16900,0
3,13479,1
8,21905,0
10,1011,0
4,1679,0
6,13900,0
14,20712,0
7,12275,0
13,2131,0
11,17924,0
14,23725,0
14,24993,0
2,21640,1
5,13418,0
2,9990,1
2,13375,1
10,23397,0
9,21798,0
3,22148,1
14,22992,0
13,15818,0
13,6839,0
2,11597,1
12,22774,0
2,7179,1
5,17213,1
7,12233,0
7,8622,0
14,2065,0
3,21809,1
5,20207,1
2,12760,1
5,22605,1
14,2418,0
12,11242,0
10,2463,0
5,19679,1
2,12244,1
14,554,0
14,16241,0
12,4053,0
14,1017,0
2,12847,1
11,15998,0
10,24159,0
12,1348,0
2,1651,0
3,21813,1
14,18982,0
14,24314,0
9,22593,0
3,24159,1
2,15866,1
13,24463,0
11,10969,0
3,3779,0
3,21109,1
14,15117,0
5,9563,0
8,7731,0
7,2896,0
2,15438,1
14,9353,0
11,21888,0
2,11169,1
12,22716,0
12,15549,0
8,5064,0
7,4717,0
13,10654,0
12,18177,0
10,4890,0
10,13244,0
3,5122,0
2,20949,1
3,11114,1
2,24006,1
13,11694,0
13,4525,0
8,13935,0
8,4161,0
9,12546,0
2,8074,1
10,21537,0
12,5535,0
12,24122,0
11,13900,0
8,2416,0
5,9574,0
14,9285,0
3,5850,0
6,16946,0
8,9634,0
3,22632,1
13,3031,0
6,6224,0
11,13958,0
